,Company,TypeName,Cpu,Ram,Gpu,OpSys,Weight,Price,TouchScreen,IPS,ppi
0,Apple,Ultrabook,Intel Core i5,8,Intel Iris, Mac OS,1.37,148093,0,1,227
1,Apple,Ultrabook,Intel Core i5,8,Intel HD, Mac OS,1.34,99318,0,0,128
2,HP,Notebook,Intel Core i5,8,Intel HD,No OS,1.86,63595,0,0,141
3,Apple,Ultrabook,Intel Core i7,16,AMD Radeon, Mac OS,1.83,280592,0,1,221
4,Apple,Ultrabook,Intel Core i5,8,Intel Iris, Mac OS,1.37,199411,0,1,227
5,Acer,Notebook,AMD-A-Series,4,AMD Radeon,Windows 10,2.1,44240,0,0,100
6,Apple,Ultrabook,Intel Core i7,16,Intel Iris, Mac OS,2.04,236573,0,1,221
7,Apple,Ultrabook,Intel Core i5,8,Intel HD, Mac OS,1.34,128074,0,0,128
8,Asus,Ultrabook,Intel Core i7,16,Nvidia GeForce,Windows 10,1.3,165347,0,0,157
9,Acer,Ultrabook,Intel Core i5,8,Intel UHD,Windows 10,1.6,85162,0,1,157
10,HP,Notebook,Intel Core i5,4,Intel HD,No OS,1.86,43465,0,0,100
11,HP,Notebook,Intel Core i3,4,Intel HD,No OS,1.86,38046,0,0,141
12,Apple,Ultrabook,Intel Core i7,16,AMD Radeon, Mac OS,1.83,269753,0,1,221
13,Dell,Notebook,Intel Core i3,4,AMD Radeon,Windows 10,2.2,55078,0,0,141
14,Apple,Ultrabook,Other Intel Processor,8,Intel HD, Mac OS,0.92,139577,0,1,226
15,Apple,Ultrabook,Intel Core i5,8,Intel Iris, Mac OS,1.37,167890,0,1,227
16,Dell,Notebook,Intel Core i7,8,AMD Radeon,Windows 10,2.2,82397,0,0,141
17,Apple,Ultrabook,Intel Core i7,16,AMD Radeon, Mac OS,1.83,316094,0,1,221
18,Lenovo,Notebook,Intel Core i3,8,Nvidia GeForce,No OS,2.2,55189,0,0,141
19,Dell,Ultrabook,Intel Core i5,8,Intel UHD,Windows 10,1.22,108277,1,1,166
20,Asus,Netbook,Other Intel Processor,2,Intel HD,Windows 10,0.98,21124,0,0,135
21,Lenovo,Gaming,Intel Core i5,8,Nvidia GeForce,Windows 10,2.5,110489,0,1,141
22,HP,Notebook,AMD-E-Series,4,AMD Radeon,No OS,1.86,28534,0,0,100
23,Dell,2 in 1 Convertible,Intel Core i5,8,Intel UHD,Windows 10,1.62,90581,1,0,166
24,HP,Ultrabook,Intel Core i7,8,Intel HD,Windows 10,1.91,72885,0,0,141
25,Dell,Notebook,Intel Core i3,4,Intel HD,Windows 10,2.3,46230,0,0,100
26,Apple,Ultrabook,Intel Core i5,8,Intel HD, Mac OS,1.35,121549,0,0,128
27,Dell,Notebook,Intel Core i5,8,AMD Radeon,Windows 10,2.2,88480,0,0,141
28,Dell,Ultrabook,Intel Core i7,8,Intel UHD,Windows 10,1.88,143558,0,0,141
29,HP,Notebook,Intel Core i5,8,Nvidia GeForce,Windows 10,2.5,99097,0,0,127
30,Chuwi,Notebook,Other Intel Processor,4,Intel HD,Windows 10,1.89,26986,0,0,141
31,Asus,Notebook,AMD-E-Series,2,AMD Radeon,Windows 10,1.65,22009,0,0,112
32,HP,Notebook,AMD-A-Series,4,AMD Radeon,Windows 10,2.71,48553,0,0,127
33,Dell,Ultrabook,Intel Core i7,16,Intel UHD,Windows 10,1.2,206711,1,0,276
34,Apple,Ultrabook,Intel Core i5,8,Intel HD, Mac OS,1.35,110378,0,0,128
35,Lenovo,Notebook,Other Intel Processor,4,Intel HD,Windows 10,1.44,27539,0,0,112
36,Acer,Notebook,Intel Core i3,4,Intel HD,Other Os_system,2.1,40590,0,0,100
37,Dell,Notebook,Intel Core i5,8,AMD Radeon,Windows 10,2.8,108277,0,1,127
38,HP,Notebook,Intel Core i5,4,Intel HD,Windows 10,1.86,53972,0,0,100
39,HP,Notebook,Intel Core i5,8,Nvidia GeForce,Windows 10,2.1,97217,0,0,141
40,Asus,Notebook,Intel Core i3,4,Intel HD,Other Os_system,2,43023,0,0,141
41,Dell,Gaming,Intel Core i7,16,Nvidia GeForce,Windows 10,2.65,165789,0,1,141
42,Asus,Notebook,Intel Core i5,8,Nvidia GeForce,Other Os_system,2.3,57733,0,0,100
43,Acer,Notebook,Intel Core i5,4,Intel UHD,Windows 10,2.2,75429,0,1,141
44,Dell,2 in 1 Convertible,Intel Core i5,12,Nvidia GeForce,Windows 10,2.77,110489,1,0,127
45,Apple,Ultrabook,Intel Core i5,8,Intel Iris, Mac OS,1.37,156941,0,1,227
46,Lenovo,Notebook,Intel Core i3,4,Intel HD,No OS,2.2,40811,0,0,100
47,Asus,Gaming,AMD-Rysen-Series,8,AMD Radeon,Windows 10,3.2,143669,0,0,127
48,Dell,Notebook,Intel Core i5,4,AMD Radeon,Windows 10,2.3,70673,0,0,141
49,Asus,Notebook,Other Intel Processor,4,Nvidia GeForce,Windows 10,2.8,51539,0,0,91
50,Lenovo,2 in 1 Convertible,Other Intel Processor,4,Intel HD,Other Os_system,0.69,35281,1,1,224
51,Acer,Notebook,Intel Core i7,8,Nvidia GeForce,Windows 10,2.2,93014,0,1,141
52,HP,Notebook,AMD-A-Series,4,AMD Radeon,Windows 10,1.86,44018,0,0,141
53,HP,Notebook,Intel Core i7,8,Intel UHD,Windows 10,1.49,121991,0,0,166
54,Acer,Notebook,Intel Core i3,4,Intel HD,Windows 10,2.4,42470,0,0,100
55,Dell,Notebook,Intel Core i7,8,AMD Radeon,Windows 10,2.13,84830,0,0,141
56,HP,Notebook,Intel Core i3,4,Intel HD,Windows 10,1.91,48553,0,0,141
57,Asus,Notebook,Intel Core i5,4,Intel HD,Windows 10,2,64811,0,0,100
58,MSI,Gaming,Intel Core i7,16,Nvidia GeForce,Windows 10,2.43,270859,0,0,127
59,Asus,Notebook,Intel Core i3,4,Intel HD,Other Os_system,2,45899,0,0,141
60,Dell,Notebook,Intel Core i7,16,AMD Radeon,Windows 10,2.8,143669,0,0,127
61,Dell,Ultrabook,Intel Core i5,8,Intel UHD,Windows 10,1.7,97217,0,0,157
62,Lenovo,Notebook,Intel Core i3,8,Intel HD,No OS,1.7,66249,0,1,157
63,Asus,Notebook,Intel Core i5,8,Intel UHD,Windows 10,1.4,104074,0,0,157
64,HP,Notebook,Intel Core i5,8,Intel HD,Windows 10,1.86,76314,0,0,141
65,Asus,Ultrabook,Intel Core i7,16,Nvidia GeForce,Windows 10,1.8,219319,0,0,141
66,HP,Notebook,Intel Core i3,4,AMD Radeon,Windows 10,1.86,48442,0,0,100
67,HP,Notebook,Other Intel Processor,4,Intel HD,Windows 10,1.44,25327,0,0,112
68,Lenovo,Notebook,Intel Core i5,4,Intel HD,Windows 10,1.9,60719,0,0,141
69,Asus,Gaming,Intel Core i7,12,Nvidia GeForce,Other Os_system,3,104959,0,0,127
70,Microsoft,Ultrabook,Intel Core i5,4,Intel HD,Windows 10,1.252,120443,1,0,201
71,Dell,Ultrabook,Intel Core i7,8,AMD Radeon,Windows 10,1.4,105623,0,1,166
72,Dell,Notebook,Intel Core i7,8,AMD Radeon,Windows 10,2.2,96222,0,0,141
73,MSI,Gaming,Intel Core i5,8,Nvidia GeForce,Windows 10,2.7,121107,0,0,127
74,Acer,Notebook,Intel Core i3,8,Intel HD,Windows 10,2.1,43023,0,0,112
75,Asus,Gaming,Intel Core i7,8,Nvidia GeForce,Windows 10,2.2,104959,0,0,141
76,Lenovo,Notebook,Intel Core i5,8,Intel HD,No OS,2.2,57401,0,0,141
77,Dell,Notebook,Intel Core i7,8,Intel UHD,Windows 10,2.02,94563,0,0,141
78,Acer,Notebook,Intel Core i3,4,Nvidia GeForce,Windows 10,2.2,58618,0,0,141
79,HP,Notebook,Intel Core i5,8,Nvidia GeForce,Windows 10,2.5,108056,0,0,127
80,Dell,Ultrabook,Intel Core i5,8,Intel UHD,Windows 10,1.88,121217,0,1,141
81,Apple,Ultrabook,Intel Core i5,8,Intel HD, Mac OS,0.92,167006,0,1,226
82,HP,Notebook,Intel Core i5,8,Intel HD,Windows 10,1.63,95116,0,0,157
83,Lenovo,Notebook,AMD-A-Series,4,AMD R4,Windows 10,2.2,44129,0,0,141
84,Acer,Notebook,AMD-A-Series,4,AMD Radeon,Windows 10,2.1,43687,0,0,100
85,Dell,Gaming,Intel Core i7,16,Nvidia GeForce,Windows 10,2.65,149199,0,1,141
86,HP,Ultrabook,Intel Core i7,8,Nvidia GeForce,Windows 10,1.83,77309,0,1,141
87,HP,Notebook,Intel Core i5,8,Intel HD,Windows 10,1.96,66138,0,0,141
88,Asus,Gaming,Intel Core i7,16,Nvidia GeForce,Windows 10,2.2,160259,0,1,141
89,Dell,Ultrabook,Intel Core i7,8,Intel UHD,Windows 10,1.21,182379,0,1,166
90,Asus,Gaming,AMD-F-Series,8,AMD Radeon,Windows 10,2.45,77309,0,0,141
91,Acer,Notebook,Intel Core i7,8,Nvidia GeForce,Windows 10,2.2,76203,0,0,141
92,HP,Notebook,Intel Core i7,16,Intel UHD,Windows 10,1.49,132388,0,0,166
93,Dell,Gaming,Intel Core i5,8,Nvidia GeForce,Windows 10,2.65,132167,0,0,141
94,Asus,Ultrabook,Intel Core i7,8,Intel HD,Windows 10,1.25,116019,0,0,157
95,Acer,2 in 1 Convertible,Intel Core i5,8,Intel UHD,Windows 10,1.5,93678,1,1,166
96,Dell,Notebook,Intel Core i7,8,AMD Radeon,Other Os_system,2.2,66249,0,0,141
97,Dell,Notebook,Intel Core i3,4,AMD Radeon,Other Os_system,2.2,53641,0,0,141
98,Asus,Notebook,Intel Core i3,6,Nvidia GeForce,Windows 10,2,63816,0,0,141
99,HP,Gaming,Intel Core i7,12,Nvidia GeForce,Windows 10,2.62,138139,0,1,141
100,HP,Notebook,Intel Core i7,8,AMD Radeon,Windows 10,1.91,79521,0,0,141
101,HP,Notebook,AMD-E-Series,4,AMD Radeon,Windows 10,2.1,38599,0,0,141
102,Dell,Notebook,Intel Core i5,8,AMD Radeon,Other Os_system,2.2,71558,0,0,141
103,HP,Ultrabook,Intel Core i7,8,Nvidia GeForce,Windows 10,1.38,123761,0,1,166
104,Microsoft,Ultrabook,Intel Core i5,8,Intel HD,Windows 10,1.252,148204,1,0,201
105,HP,Notebook,Intel Core i5,6,Nvidia GeForce,Windows 10,1.58,72885,0,1,157
106,Lenovo,Notebook,Intel Core i3,4,Intel HD,Windows 10,1.85,45788,0,0,141
107,Asus,Ultrabook,Intel Core i7,8,Nvidia GeForce,Windows 10,1.3,131945,0,1,157
108,MSI,Gaming,Intel Core i7,16,Nvidia GeForce,Windows 10,2.2,143669,0,0,141
109,Lenovo,Notebook,Intel Core i7,8,Intel HD,Windows 10,1.58,163688,0,1,157
110,Asus,Ultrabook,Intel Core i7,16,Nvidia GeForce,Windows 10,1.5,139577,0,0,141
111,Dell,Ultrabook,Intel Core i7,8,Intel Iris,Windows 10,1.23,152517,1,0,276
112,Lenovo,2 in 1 Convertible,Intel Core i5,8,Intel HD,Windows 10,1.37,154729,1,1,166
113,HP,Notebook,Intel Core i5,4,Intel UHD,Windows 10,1.63,79853,0,1,112
114,Dell,Ultrabook,Intel Core i5,8,Intel UHD,Windows 10,1.21,180167,0,1,166
115,HP,2 in 1 Convertible,Intel Core i5,8,Intel UHD,Windows 10,1.26,154618,1,1,166
116,HP,Notebook,Intel Core i7,8,Intel UHD,Windows 10,1.63,119890,0,0,157
117,Dell,Notebook,Intel Core i7,8,Nvidia GeForce,Windows 10,2.16,124978,0,1,141
118,Asus,Notebook,Intel Core i3,4,Nvidia GeForce,Windows 10,2,62378,0,0,127
119,Asus,Notebook,Intel Core i7,8,Nvidia GeForce,Windows 10,1.7,123650,0,0,141
120,Acer,Notebook,Intel Core i3,6,Intel HD,Windows 10,2.1,52977,1,1,141
121,MSI,Gaming,Intel Core i7,16,Nvidia GeForce,Windows 10,1.8,247854,0,0,141
122,Lenovo,Notebook,Intel Core i5,8,Nvidia GeForce,No OS,2.2,69567,0,0,141
123,HP,Notebook,Intel Core i7,16,Nvidia GeForce,Windows 10,2.5,140572,0,0,127
124,Acer,Notebook,AMD-A-Series,4,AMD Radeon,Windows 10,2.1,49880,0,0,100
125,HP,Notebook,Other Intel Processor,4,Intel HD,No OS,1.86,28645,0,0,100
126,HP,Notebook,Intel Core i5,8,Intel UHD,Windows 10,1.63,89807,0,0,157
127,Asus,Notebook,AMD-E-Series,4,AMD Radeon,Windows 10,1.65,30636,0,0,112
128,Dell,Notebook,Intel Core i7,16,AMD Radeon,Windows 10,2.8,154397,0,0,127
129,HP,Notebook,Intel Core i5,8,Intel UHD,Windows 10,2.5,102636,0,0,127
130,Dell,Notebook,Intel Core i5,8,AMD Radeon,Windows 10,2.36,70562,0,0,100
131,Dell,Notebook,Intel Core i3,4,AMD Radeon,Windows 10,2.2,49659,0,0,141
132,Acer,Ultrabook,Intel Core i7,8,Intel UHD,Windows 10,1.6,97770,0,1,157
133,Acer,Notebook,Intel Core i3,4,Nvidia GeForce,Windows 10,2.2,63263,0,0,141
134,HP,Notebook,Intel Core i7,8,Intel HD,Windows 10,2.05,66138,0,0,100
135,HP,Notebook,Intel Core i7,8,Intel UHD,Windows 10,1.63,109272,0,0,157
136,Lenovo,Notebook,Other Intel Processor,4,Intel HD,No OS,1.9,27871,0,0,100
137,Asus,Gaming,Intel Core i5,8,Nvidia GeForce,Windows 10,3,103742,0,0,127
138,Lenovo,Notebook,Intel Core i5,4,Nvidia GeForce,No OS,2.2,55189,0,0,141
139,HP,Notebook,Intel Core i5,4,Intel HD,Windows 10,1.32,77309,0,1,166
140,Acer,Notebook,Intel Core i3,4,Nvidia GeForce,Windows 10,3,72443,0,1,127
141,Lenovo,Notebook,Intel Core i5,8,AMD Radeon,Windows 10,1.75,123429,0,1,157
142,Lenovo,Gaming,Intel Core i7,8,Nvidia GeForce,No OS,2.4,96111,0,1,141
143,Toshiba,Notebook,Intel Core i5,4,Intel HD,Windows 10,2.1,66581,0,0,100
144,HP,Notebook,AMD-A-Series,4,AMD Radeon,Windows 10,1.86,40811,0,0,100
145,Asus,Ultrabook,Intel Core i7,8,Intel UHD,Windows 10,1.25,121549,0,0,157
146,HP,Ultrabook,Other Intel Processor,8,Intel HD,Windows 10,0.97,222748,1,1,352
147,Asus,Notebook,Other Intel Processor,4,Intel HD,Windows 10,2,38046,0,0,141
148,MSI,Gaming,Intel Core i7,16,Nvidia GeForce,Windows 10,2.9,224407,0,0,127
149,Acer,Notebook,Intel Core i3,4,Intel HD,Windows 10,2.1,49438,0,0,100
150,Dell,Gaming,Intel Core i7,16,Nvidia GeForce,Windows 10,2.56,138139,0,0,141
151,Dell,Gaming,Intel Core i7,8,Nvidia GeForce,Windows 10,2.62,99429,0,0,141
152,Lenovo,Notebook,Intel Core i5,4,Intel HD,Windows 10,1.9,55078,0,0,100
153,MSI,Gaming,Intel Core i7,16,Nvidia GeForce,Windows 10,2.8,209034,0,0,127
154,HP,Ultrabook,Intel Core i5,4,Intel HD,Windows 10,1.48,119669,0,0,157
155,HP,Notebook,Intel Core i5,6,AMD Radeon,Windows 10,1.91,68461,0,0,141
156,Lenovo,2 in 1 Convertible,Intel Core i3,4,Intel HD,Windows 10,1.74,69567,1,1,157
157,Asus,2 in 1 Convertible,Intel Core i5,8,Intel HD,Windows 10,1.1,145439,1,0,166
158,Dell,2 in 1 Convertible,Intel Core i7,8,Intel UHD,Windows 10,1.56,116019,1,0,141
159,Toshiba,Notebook,Intel Core i3,4,Intel HD,Windows 10,2.1,49438,0,0,100
160,Asus,Notebook,AMD-A-Series,4,AMD Radeon,Windows 10,2.03,44571,0,0,100
161,Acer,Notebook,Intel Core i5,4,Nvidia GeForce,Windows 10,3,89033,0,1,127
162,Dell,Notebook,Intel Core i5,8,AMD Radeon,Windows 10,2.13,80516,0,0,141
163,Lenovo,Gaming,Intel Core i7,16,Nvidia GeForce,Windows 10,2.5,119337,0,1,141
164,Acer,Notebook,Other Intel Processor,4,Intel HD,Windows 10,2.1,38488,0,0,100
165,MSI,Gaming,Intel Core i7,16,Nvidia GeForce,Windows 10,2.4,198969,0,1,141
166,Acer,Notebook,Other Intel Processor,4,Intel HD,Windows 10,2.1,40147,0,0,100
167,Dell,Gaming,Intel Core i7,8,Nvidia GeForce,Windows 10,2.56,117236,0,0,141
168,Acer,Notebook,Intel Core i5,8,Nvidia GeForce,Windows 10,3,94452,0,1,127
169,HP,Notebook,Intel Core i5,4,Intel UHD,Windows 10,1.49,83392,0,1,166
170,Huawei,Ultrabook,Intel Core i5,8,Intel HD,Windows 10,1.05,149199,0,1,200
171,HP,Notebook,Intel Core i5,6,AMD Radeon,Windows 10,2.71,77309,0,1,127
172,Lenovo,Notebook,AMD-A-Series,4,AMD Radeon,No OS,2.2,34175,0,0,100
173,Toshiba,Notebook,Intel Core i3,4,Intel HD,Windows 10,2,54083,0,0,100
174,HP,Notebook,Intel Core i5,8,Nvidia GeForce,Windows 10,2.5,102083,0,0,127
175,Dell,Notebook,Intel Core i3,8,Intel HD,Windows 10,2.3,50765,0,0,100
176,Acer,Notebook,Intel Core i3,4,Intel HD,Windows 10,2.1,49659,0,0,100
177,MSI,Gaming,Intel Core i7,32,Nvidia GTX,Windows 10,4.4,309569,0,0,120
178,Lenovo,Notebook,Intel Core i5,8,AMD R17M-M1-70,Windows 10,1.90,89917,0,0,141
179,HP,2 in 1 Convertible,Intel Core i5,8,Intel UHD,Windows 10,1.29,165789,1,1,331
180,Dell,Notebook,Intel Core i7,16,AMD Radeon,Other Os_system,2.02,116019,0,0,141
181,Dell,Ultrabook,Intel Core i5,8,Intel UHD,Windows 10,1.23,154729,0,0,166
182,Lenovo,2 in 1 Convertible,Intel Core i7,16,Intel UHD,Windows 10,1.4,204499,1,1,317
183,Toshiba,Notebook,Intel Core i5,8,Intel HD,Windows 10,2.0,87705,0,0,100
184,Xiaomi,Notebook,Intel Core i5,8,Nvidia GeForce,No OS,1.95,132609,0,1,141
185,Dell,Notebook,Intel Core i7,16,Nvidia GeForce,Windows 10,2.77,171319,1,0,127
186,Dell,Notebook,Intel Core i7,16,Nvidia GeForce,Windows 10,2.06,265108,1,0,282
187,Lenovo,Gaming,Intel Core i5,8,Nvidia GeForce,No OS,2.4,86157,0,1,141
188,Acer,Ultrabook,Intel Core i5,8,Intel HD,Windows 10,1.12,109383,0,1,166
189,Dell,Notebook,Intel Core i7,8,AMD Radeon,Windows 10,2.8,120001,0,0,127
190,Lenovo,2 in 1 Convertible,Intel Core i7,16,Intel HD,Windows 10,1.42,312334,1,0,210
191,Vero,Notebook,Other Intel Processor,4,Intel HD,Windows 10,1.3,28756,0,1,157
192,Xiaomi,Ultrabook,Intel Core i5,8,Nvidia GeForce,No OS,1.3,110489,0,1,166
193,Lenovo,Notebook,Intel Core i5,8,Nvidia GeForce,No OS,2.8,77198,0,0,106
194,Dell,2 in 1 Convertible,Intel Core i7,8,Intel UHD,Windows 10,1.62,92793,1,1,166
195,HP,Notebook,Intel Core i5,8,Nvidia GeForce,Windows 10,2.5,101088,0,1,127
196,Razer,Gaming,Intel Core i7,32,Nvidia GeForce,Windows 10,3.49,674549,1,0,255
197,HP,Notebook,Intel Core i5,8,Intel UHD,Windows 10,1.49,106065,0,0,166
198,HP,Gaming,Intel Core i7,16,Nvidia GeForce,Windows 10,3.35,152517,0,1,127
199,HP,Notebook,Intel Core i7,8,Nvidia GeForce,Windows 10,2.5,115577,0,0,127
200,Dell,Gaming,Intel Core i7,16,Nvidia GeForce,Windows 10,2.65,204057,0,1,282
201,Lenovo,Notebook,Intel Core i5,4,Intel HD,Windows 10,2.1,54525,0,0,100
202,Acer,Notebook,Intel Core i7,8,Nvidia GeForce,Windows 10,2.23,82065,0,0,141
203,Lenovo,Gaming,Intel Core i7,16,Nvidia GeForce,Windows 10,3.2,193439,0,1,141
204,Dell,Workstation,Other Intel Processor,16,Nvidia Quadro,Windows 10,2.8,337883,0,0,282
205,Lenovo,Gaming,Intel Core i7,16,Nvidia GeForce,No OS,2.4,154618,0,0,141
206,Dell,Notebook,Intel Core i3,6,Intel HD,Windows 10,2.3,48553,1,0,100
207,Dell,Ultrabook,Intel Core i7,8,Intel UHD,Windows 10,1.21,215559,1,1,331
208,Dell,Ultrabook,Intel Core i7,8,Intel UHD,Windows 10,1.2,160259,0,0,166
209,Lenovo,Notebook,Intel Core i5,8,Intel HD,Windows 10,2.2,66028,0,0,100
210,Acer,Notebook,Intel Core i7,8,Nvidia GeForce,Other Os_system,2.4,86157,0,0,141
211,Asus,Gaming,Intel Core i7,16,Nvidia GeForce,Windows 10,2.9,155614,0,0,127
212,HP,Notebook,Intel Core i3,4,Intel HD,No OS,2.1,38599,0,0,141
213,Lenovo,Notebook,Intel Core i5,8,Intel HD,No OS,2.2,60719,0,0,141
214,Huawei,Ultrabook,Intel Core i7,8,Intel HD,Windows 10,1.05,165789,0,1,200
215,Dell,Ultrabook,Intel Core i7,8,AMD Radeon,Windows 10,1.4,102968,0,1,166
216,Lenovo,Notebook,Intel Core i5,8,Nvidia GeForce,No OS,2.8,65143,0,0,106
217,HP,Notebook,Intel Core i7,8,Nvidia GeForce,Windows 10,1.63,114028,0,0,157
218,Dell,Ultrabook,Intel Core i5,8,Intel UHD,Windows 10,1.6,127079,0,0,157
219,Dell,2 in 1 Convertible,Intel Core i7,16,Intel UHD,Windows 10,1.62,141457,1,0,166
220,Dell,Notebook,Intel Core i5,8,AMD Radeon,Other Os_system,2.2,74876,0,0,141
221,Lenovo,2 in 1 Convertible,Intel Core i5,8,Intel UHD,Windows 10,1.74,99429,0,1,157
222,Toshiba,Ultrabook,Intel Core i7,8,Intel HD,Windows 10,1.2,150747,0,0,166
223,HP,Notebook,Intel Core i5,8,Intel UHD,Windows 10,2.1,87816,0,0,141
224,Dell,Gaming,Intel Core i7,16,Nvidia GeForce,Windows 10,4.42,271633,0,1,127
225,Acer,Notebook,Intel Core i7,8,Nvidia GeForce,Windows 10,2.2,92019,0,0,141
226,Dell,Notebook,Intel Core i7,16,AMD Radeon,Windows 10,2.3,95005,1,0,141
227,Asus,Notebook,Intel Core i5,8,Nvidia GeForce,Windows 10,2,85051,0,0,141
228,Asus,Notebook,Intel Core i5,8,Nvidia GeForce,Windows 10,2.69,98544,0,0,127
229,HP,Notebook,Intel Core i7,8,AMD FirePro,Windows 10,1.9,140351,0,0,141
230,Asus,Notebook,Intel Core i3,4,Intel HD,Windows 10,2.37,44018,0,0,100
231,HP,Notebook,AMD-E-Series,4,AMD Radeon,Windows 10,2.1,36498,0,0,100
232,Lenovo,Gaming,Intel Core i7,16,Nvidia GeForce,Windows 10,3.2,165789,0,1,141
233,Dell,Notebook,Intel Core i5,8,Intel HD,Windows 10,1.6,95005,0,0,157
234,Acer,2 in 1 Convertible,Intel Core i5,8,Intel HD,Windows 10,1.6,76203,1,1,166
235,Dell,Notebook,Intel Core i7,16,AMD Radeon,Other Os_system,2.36,99429,0,0,141
236,Acer,Notebook,Intel Core i3,4,Intel HD,Other Os_system,2.1,43134,0,0,100
237,Asus,Notebook,AMD-A-Series,4,AMD Radeon,Windows 10,2.2,63595,0,0,141
238,Asus,Gaming,Intel Core i7,32,Nvidia GeForce,Windows 10,4.7,430234,0,0,127
239,Acer,Gaming,Intel Core i5,8,Nvidia GeForce,Windows 10,2.5,93567,0,1,141
240,Lenovo,Notebook,Intel Core i3,8,Intel HD,Windows 10,2.2,65143,0,0,100
241,Asus,Notebook,Intel Core i7,8,Nvidia GeForce,Windows 10,2.1,126637,0,0,127
242,Asus,Notebook,Intel Core i7,8,Nvidia GeForce,No OS,2.69,98323,0,0,127
243,Dell,Gaming,Intel Core i5,8,Nvidia GeForce,Windows 10,2.56,97217,0,0,141
244,Lenovo,2 in 1 Convertible,Intel Core i7,8,Intel HD,Windows 10,1.38,119337,1,1,158
245,Dell,Notebook,Intel Core i7,8,AMD Radeon,Windows 10,2.2,108941,0,0,141
246,HP,Notebook,Intel Core i5,8,Intel HD,Windows 10,2.04,61825,1,0,100
247,Asus,Gaming,Intel Core i7,16,Nvidia GeForce,Windows 10,3.6,331689,0,0,127
248,HP,Notebook,Intel Core i5,4,Intel UHD,Windows 10,1.49,74655,0,1,166
249,Apple,Ultrabook,Intel Core i5,8,Intel Iris, Mac OS,1.37,225624,0,1,227
250,Dell,2 in 1 Convertible,Intel Core i7,8,Intel UHD,Windows 10,2.08,90581,1,1,141
251,Asus,Gaming,Intel Core i7,16,Nvidia GeForce,Windows 10,4.3,198969,0,0,127
252,Asus,Notebook,AMD-A-Series,4,AMD Radeon,Windows 10,1.68,51871,0,0,100
253,Lenovo,2 in 1 Convertible,Intel Core i7,8,Intel UHD,Windows 10,1.37,204499,1,1,158
254,Acer,Notebook,Intel Core i3,4,Nvidia GeForce,Windows 10,3,77641,0,1,127
255,Dell,Ultrabook,Intel Core i5,8,Intel UHD,Windows 10,1.41,104959,0,0,166
256,HP,Notebook,AMD-A-Series,8,AMD Radeon,Windows 10,1.91,49217,0,0,100
257,HP,Notebook,Intel Core i7,16,Nvidia GeForce,Windows 10,2.9,117125,0,1,127
258,MSI,Gaming,Intel Core i7,16,Nvidia GeForce,Windows 10,4.14,276389,0,0,127
259,Lenovo,2 in 1 Convertible,Intel Core i7,8,Nvidia GeForce,Windows 10,2,187909,1,1,141
260,Dell,Notebook,Intel Core i7,8,AMD Radeon,Windows 10,2.8,126305,0,0,127
261,Lenovo,Notebook,Intel Core i3,4,Intel HD,No OS,2.2,49106,0,0,141
262,HP,Notebook,Intel Core i5,4,Intel HD,Windows 10,2.1,79853,0,1,141
263,Dell,Notebook,Intel Core i5,4,Intel HD,Windows 10,2.18,72664,0,0,141
264,Dell,Notebook,Intel Core i5,8,AMD Radeon,Windows 10,2.24,62489,0,0,141
265,Dell,2 in 1 Convertible,Intel Core i5,8,Intel UHD,Windows 10,2.67,88369,1,0,141
266,Asus,2 in 1 Convertible,Intel Core i7,8,Intel UHD,Windows 10,1.1,165789,1,0,166
267,Lenovo,Notebook,Intel Core i5,4,Intel HD,No OS,2.2,51650,0,0,141
268,HP,Notebook,Intel Core i7,8,Nvidia GeForce,Windows 10,2.5,112590,0,0,127
269,Lenovo,Notebook,Intel Core i7,8,Intel UHD,Windows 10,2.05,97328,0,0,141
270,Apple,Ultrabook,Intel Core i5,8,Intel Iris, Mac OS,1.37,216554,0,1,227
271,Asus,Gaming,AMD-Rysen-Series,16,AMD Radeon,Windows 10,3.2,171319,0,0,127
272,Dell,Notebook,Intel Core i7,8,AMD Radeon,Other Os_system,2.14,81291,0,0,141
273,Lenovo,2 in 1 Convertible,Intel Core i7,16,Intel HD,Windows 10,1.36,276389,1,0,210
274,Toshiba,Notebook,Intel Core i7,8,Nvidia GeForce,Windows 10,2.2,89807,0,0,100
275,Dell,Notebook,Intel Core i7,12,Intel HD,Windows 10,2.3,78857,0,0,100
276,Dell,Notebook,Intel Core i7,8,AMD Radeon,Other Os_system,2.8,121549,0,0,127
277,Acer,Notebook,Intel Core i7,8,Nvidia GeForce,Windows 10,2.2,82397,0,1,141
278,Lenovo,Notebook,Intel Core i3,4,Intel HD,Windows 10,2.8,54083,0,0,106
279,Lenovo,Notebook,Intel Core i7,8,Nvidia GeForce,No OS,2.8,93899,0,0,127
280,Lenovo,Notebook,Intel Core i7,6,Nvidia GeForce,Windows 10,2.8,95005,0,0,106
281,Dell,Notebook,Intel Core i3,4,AMD Radeon,Other Os_system,2.25,47336,0,0,141
282,Lenovo,Gaming,Intel Core i5,8,Nvidia GeForce,Windows 10,2.5,91687,0,1,141
283,Lenovo,Notebook,Intel Core i5,6,Intel HD,Windows 10,2.2,64037,0,0,141
284,Acer,Notebook,Intel Core i7,8,Nvidia GeForce,Windows 10,3,105180,0,1,141
285,Acer,Notebook,Intel Core i7,12,Intel HD,Windows 10,2.15,72885,1,1,141
286,Lenovo,Notebook,Intel Core i7,8,Intel HD,Windows 10,1.95,121328,0,1,141
287,Asus,Ultrabook,Intel Core i5,8,Nvidia GeForce,Windows 10,1.7,108056,0,0,141
288,Lenovo,Gaming,Intel Core i7,16,Nvidia GeForce,Windows 10,2.5,130397,0,1,141
289,Lenovo,Notebook,Intel Core i7,8,Nvidia GeForce,No OS,2.2,72885,0,0,141
290,Acer,Notebook,Other Intel Processor,2,Intel HD,Other Os_system,2.19,22009,0,0,100
291,Asus,Gaming,Intel Core i7,8,Nvidia GeForce,Windows 10,3,131282,0,0,127
292,HP,Notebook,Intel Core i3,8,Intel HD,Windows 10,2.54,54083,0,0,106
293,Dell,Notebook,Intel Core i7,8,Nvidia GeForce,Windows 10,2,202287,0,0,141
294,Lenovo,Notebook,Intel Core i5,8,Intel UHD,Windows 10,2.05,81733,0,0,141
295,Lenovo,Gaming,Intel Core i7,8,Nvidia GeForce,Windows 10,3.2,143669,0,1,141
296,Acer,Notebook,Intel Core i7,8,Nvidia GeForce,Other Os_system,2.5,108277,0,0,141
297,Dell,Workstation,Intel Core i7,16,Nvidia Quadro,Windows 10,3.42,318970,0,0,127
298,Lenovo,Notebook,AMD-A-Series,6,AMD Radeon,Windows 10,2.4,55189,0,0,141
299,Asus,Ultrabook,Intel Core i7,16,Nvidia GeForce,Windows 10,1.63,162360,0,0,141
300,Asus,Notebook,Intel Core i3,4,Intel HD,Windows 10,1.3,56295,0,0,112
301,Asus,Gaming,Intel Core i7,16,Nvidia GeForce,Windows 10,2.9,234693,0,0,127
302,Lenovo,Notebook,Intel Core i5,6,Nvidia GeForce,Windows 10,2.8,71779,0,0,106
303,Lenovo,Notebook,Intel Core i5,8,Nvidia GeForce,No OS,2.2,60719,0,0,100
304,Asus,Gaming,Intel Core i7,8,Nvidia GeForce,Windows 10,2.5,139909,0,0,141
305,Lenovo,Notebook,Other Intel Processor,4,Intel HD,No OS,2.2,39705,0,0,100
306,HP,2 in 1 Convertible,Intel Core i7,16,Intel HD,Windows 10,1.28,218435,1,0,166
307,Toshiba,Notebook,Intel Core i7,8,Nvidia GeForce,Windows 10,2.2,115355,0,1,141
308,Lenovo,Notebook,Intel Core i5,8,Nvidia GeForce,Windows 10,2.3,90581,0,0,141
309,HP,Notebook,Intel Core i3,4,Intel HD,Windows 10,1.86,51871,0,0,141
310,Lenovo,Notebook,Intel Core i5,8,Intel HD,Windows 10,1.1,110489,0,1,166
311,Dell,Ultrabook,Intel Core i7,16,Intel UHD,Windows 10,1.21,276389,1,1,331
312,MSI,Gaming,Intel Core i7,16,Nvidia GeForce,Windows 10,2.8,232149,0,1,141
313,Acer,Notebook,AMD-A-Series,8,AMD Radeon,Windows 10,2.23,51871,0,0,141
314,Asus,2 in 1 Convertible,Other Intel Processor,2,Intel HD,Windows 10,1.1,30415,1,0,135
315,Dell,Notebook,Intel Core i5,8,AMD Radeon,Windows 10,2.33,93346,0,0,141
316,HP,2 in 1 Convertible,Intel Core i7,16,Intel UHD,Windows 10,1.29,270859,1,1,331
317,Lenovo,Notebook,Other Intel Processor,4,Intel HD,Other Os_system,1.45,50765,0,0,118
318,HP,Notebook,Intel Core i5,8,Intel HD,Windows 10,1.95,108388,0,0,157
319,Acer,Notebook,Other Intel Processor,4,Intel HD,Windows 10,1.4,53641,0,0,135
320,HP,Notebook,Intel Core i7,8,Intel HD,Windows 10,1.48,142895,0,0,157
321,Lenovo,Notebook,Intel Core i5,4,Nvidia GeForce,Windows 10,2.79,65143,0,0,106
322,Asus,Notebook,Intel Core i7,8,Intel HD,Windows 10,2,120996,0,0,157
323,HP,Notebook,Intel Core i7,8,Intel UHD,Windows 10,2.1,99761,0,1,100
324,Acer,Notebook,AMD-A-Series,8,AMD Radeon,Windows 10,2.2,72885,0,0,100
325,Lenovo,Notebook,Other Intel Processor,4,Intel HD,Windows 10,1.44,32295,0,0,112
326,Acer,Notebook,Intel Core i5,6,Intel HD,Windows 10,2.23,60719,0,0,100
327,Asus,Ultrabook,Intel Core i7,8,Nvidia GeForce,Windows 10,1.7,116019,0,0,141
328,HP,Ultrabook,Intel Core i7,8,Intel HD,Windows 10,1.26,147651,0,0,176
329,Dell,Notebook,Intel Core i7,32,Nvidia GeForce,Windows 10,2.06,291873,1,0,282
330,MSI,Gaming,Intel Core i7,8,Nvidia GeForce,Windows 10,2.7,132609,0,0,127
331,Toshiba,Notebook,Intel Core i5,8,Intel HD,Windows 10,2.0,104295,0,1,141
332,Asus,Notebook,Intel Core i7,8,Intel HD,Windows 10,2,147540,0,0,157
333,Lenovo,Notebook,Intel Core i3,4,Intel HD,Windows 10,1.85,49659,0,0,141
334,Asus,Gaming,Intel Core i7,8,Nvidia GeForce,Windows 10,2.5,110489,0,0,141
335,HP,Notebook,Intel Core i5,8,Intel HD,Windows 10,1.48,140240,0,0,157
336,Dell,Ultrabook,Intel Core i5,8,Nvidia GeForce,Windows 10,1.9,116019,0,1,141
337,HP,Notebook,Intel Core i5,8,Intel HD,Windows 10,1.84,126526,0,0,141
338,Asus,Notebook,Other Intel Processor,4,Intel HD,Other Os_system,2,30304,0,0,100
339,Dell,Notebook,Intel Core i5,8,Nvidia GeForce,Windows 10,2,126305,0,0,141
340,Dell,Notebook,Other Intel Processor,4,Intel HD,Other Os_system,2.2,30304,0,0,100
341,Lenovo,Notebook,AMD-A-Series,12,AMD Radeon,Windows 10,2.2,99429,0,0,141
342,HP,Notebook,Intel Core i3,8,Nvidia GeForce,Windows 10,2.1,79189,0,1,141
343,Lenovo,2 in 1 Convertible,Intel Core i7,16,Intel UHD,Windows 10,1.4,232149,1,1,317
344,Dell,Ultrabook,Intel Core i7,8,Intel UHD,Windows 10,1.2,174637,0,0,166
345,Lenovo,Gaming,Intel Core i7,16,Nvidia GeForce,Windows 10,2.4,124867,0,1,141
346,HP,Notebook,Other Intel Processor,2,Intel HD,Windows 10,1.44,30857,0,0,112
347,Dell,Ultrabook,Intel Core i7,16,Intel UHD,Windows 10,1.88,177734,0,0,141
348,Asus,2 in 1 Convertible,Other Intel Processor,4,Intel HD,Windows 10,1.5,41475,1,0,135
349,Dell,Ultrabook,Intel Core i5,8,AMD Radeon,Windows 10,1.9,73327,0,0,141
350,Dell,Notebook,Intel Core i7,16,Nvidia GeForce,Windows 10,2.06,224186,1,0,282
351,HP,Notebook,Intel Core i7,8,Intel HD,Windows 10,1.84,144222,0,0,141
352,MSI,Gaming,Intel Core i7,8,Nvidia GeForce,Windows 10,2.7,155835,0,0,127
353,HP,Workstation,Intel Core i7,8,Nvidia Quadro,Windows 10,2.6,192222,0,0,141
354,Toshiba,Notebook,Intel Core i7,16,Nvidia GeForce,Windows 10,2.4,155171,0,1,141
355,Dell,Notebook,Intel Core i7,8,AMD Radeon,Windows 10,2.02,107282,0,0,141
356,Lenovo,Notebook,Other Intel Processor,4,Intel HD,No OS,2.2,35502,0,0,100
357,Dell,Gaming,Intel Core i5,8,Nvidia GeForce,Windows 10,2.65,110489,0,0,141
358,Dell,Notebook,Intel Core i5,8,Intel HD,Windows 10,2.36,61604,1,0,100
359,Dell,Notebook,Intel Core i5,8,Intel HD,Windows 10,1.36,157826,0,0,157
360,HP,Notebook,Intel Core i3,4,Intel HD,Windows 10,1.86,48553,0,0,100
361,Asus,Notebook,Intel Core i5,8,Intel HD,Windows 10,2,104517,0,0,157
362,Lenovo,Notebook,Intel Core i5,6,Nvidia GeForce,Windows 10,2.8,79521,0,0,106
363,HP,Notebook,Intel Core i5,8,Intel HD,Windows 10,1.86,70673,0,0,141
364,Lenovo,Notebook,Intel Core i3,8,Nvidia GeForce,No OS,2.2,55189,0,0,100
365,HP,Notebook,Other Intel Processor,8,Intel HD,Windows 10,2.04,43023,0,0,100
366,Dell,Notebook,Intel Core i5,8,AMD Radeon,Windows 10,2.8,120001,0,0,127
367,Lenovo,Gaming,Intel Core i5,8,Nvidia GeForce,No OS,2.4,89475,0,1,141
368,Dell,Notebook,Intel Core i7,8,AMD Radeon,Windows 10,2.33,99429,0,0,141
369,HP,Ultrabook,Intel Core i7,8,Intel HD,Windows 10,1.36,193550,0,1,157
370,Asus,2 in 1 Convertible,Intel Core i7,12,Nvidia GeForce,Windows 10,2.26,121549,1,0,141
371,Acer,Notebook,AMD-A-Series,4,AMD Radeon,Windows 10,2.1,47115,0,0,100
372,Asus,Gaming,AMD-Rysen-Series,16,AMD Radeon,Windows 10,3.25,243209,0,1,127
373,Lenovo,Notebook,AMD-A-Series,4,AMD Radeon,Windows 10,2.6,54083,0,0,106
374,Dell,2 in 1 Convertible,Intel Core i7,8,Intel UHD,Windows 10,1.62,96111,1,0,166
375,HP,Notebook,AMD-A-Series,4,AMD Radeon,Windows 10,1.91,53972,0,0,141
376,Lenovo,Netbook,Other Intel Processor,4,Intel HD,Windows 10,1.59,61161,0,1,135
377,Dell,Notebook,Other Intel Processor,4,Intel HD,Windows 10,1.8,34175,0,0,100
378,Asus,Notebook,Other Intel Processor,4,Intel HD,Windows 10,1.5,31631,0,0,112
379,Acer,Notebook,Intel Core i7,8,Nvidia GeForce,Other Os_system,2.4,93567,0,0,141
380,HP,Gaming,Intel Core i7,8,Nvidia GeForce,Windows 10,3.35,131724,0,1,127
381,Lenovo,Notebook,Intel Core i3,4,Intel HD,No OS,1.85,44571,0,0,141
382,Asus,Gaming,Intel Core i7,8,Nvidia GeForce,Windows 10,2.3,183043,0,1,141
383,Lenovo,Notebook,Intel Core i5,8,Nvidia GeForce,Windows 10,1.5,121549,0,1,157
384,Asus,Ultrabook,Intel Core i7,16,Intel HD,Windows 10,1.1,193328,1,0,166
385,Lenovo,Ultrabook,Intel Core i7,8,Intel HD,Windows 10,1.13,252389,0,1,210
386,Lenovo,Notebook,Intel Core i3,4,Intel HD,Windows 10,1.5,60719,0,1,166
387,Dell,Workstation,Intel Core i5,8,AMD FirePro,Windows 10,2.23,151411,0,0,141
388,Dell,Workstation,Intel Core i7,8,Nvidia Quadro,Windows 10,2,236131,0,1,141
389,Lenovo,2 in 1 Convertible,Intel Core i7,16,Intel HD,Windows 10,1.42,277495,1,0,210
390,Asus,Gaming,Intel Core i7,8,Nvidia GeForce,Windows 10,3,114913,0,0,127
391,Asus,Gaming,Intel Core i7,16,Nvidia GeForce,Windows 10,3,175964,0,0,127
392,Acer,Notebook,Intel Core i5,12,Nvidia GeForce,Windows 10,2.2,76645,0,1,100
393,MSI,Gaming,Intel Core i7,8,Nvidia GeForce,Windows 10,2.7,149199,0,0,127
394,Dell,Notebook,Intel Core i7,8,AMD Radeon,Other Os_system,2.33,86046,0,0,141
395,HP,Ultrabook,AMD-A-Series,4,AMD Radeon,Windows 10,1.91,55189,0,0,141
396,Lenovo,Notebook,Intel Core i7,8,AMD Radeon,Windows 10,2.1,135927,0,1,141
397,Lenovo,Notebook,Intel Core i5,8,Intel HD,Windows 10,1.9,103742,0,1,157
398,Dell,Workstation,Intel Core i7,8,Nvidia Quadro,Windows 10,1.78,299947,1,0,282
399,Lenovo,Ultrabook,Intel Core i7,16,Intel HD,Windows 10,1.13,290325,0,1,210
400,Lenovo,Notebook,Other Intel Processor,4,Intel HD,Windows 10,2.2,33843,0,0,100
401,Asus,Gaming,Intel Core i7,16,Nvidia GeForce,Windows 10,2.9,169107,0,0,127
402,Lenovo,Notebook,Intel Core i5,8,AMD Radeon,Windows 10,2.1,126526,0,1,141
403,Acer,Notebook,Intel Core i7,8,Nvidia GeForce,Other Os_system,2.5,97217,0,0,141
404,MSI,Gaming,Intel Core i7,16,Nvidia GeForce,Windows 10,2.8,248739,0,0,127
405,Asus,Ultrabook,Intel Core i7,8,Intel HD,Windows 10,1.10,207153,0,0,157
406,Toshiba,Ultrabook,Intel Core i7,16,Intel HD,Windows 10,1.2,193218,0,0,166
407,Dell,Ultrabook,Intel Core i7,8,Intel HD,Windows 10,1.36,185808,0,0,157
408,Lenovo,Notebook,Intel Core i3,4,Intel HD,Windows 10,2.2,45235,0,0,141
409,Lenovo,Notebook,Other Intel Processor,2,Intel HD,Windows 10,1.15,33622,0,0,135
410,Lenovo,Workstation,Intel Core i7,8,Nvidia Quadro,Windows 10,2.67,212905,0,0,141
411,Lenovo,Ultrabook,Intel Core i7,8,Nvidia GeForce,Windows 10,1.7,214895,0,1,210
412,HP,Notebook,Intel Core i3,4,AMD Radeon,Windows 10,2.1,51871,0,0,141
413,Acer,2 in 1 Convertible,Intel Core i7,8,Intel HD,Windows 10,1.6,87263,1,1,166
414,Asus,2 in 1 Convertible,Intel Core i5,8,Intel HD,Windows 10,1.27,102636,1,1,166
415,Dell,Notebook,Intel Core i5,4,AMD Radeon,Other Os_system,2.3,66138,0,0,141
416,Dell,Notebook,Intel Core i3,4,Intel HD,Windows 10,1.65,76203,0,0,118
417,HP,Ultrabook,Intel Core i7,8,Intel HD,Windows 10,1.43,165900,0,0,157
418,Dell,Notebook,Intel Core i5,8,Intel HD,Windows 10,2.14,59613,0,0,100
419,Lenovo,Ultrabook,Intel Core i7,8,AMD Radeon,Windows 10,1.75,134379,0,1,157
420,Lenovo,2 in 1 Convertible,Intel Core i7,16,Nvidia GeForce,Windows 10,2,210029,1,1,282
421,Chuwi,Notebook,Other Intel Processor,6,Intel HD,Windows 10,1.4,49659,0,1,267
422,HP,Notebook,Intel Core i7,8,Intel HD,Windows 10,2.31,157826,0,0,141
423,Asus,Notebook,Intel Core i3,8,Nvidia GeForce,Other Os_system,2.3,66028,0,0,141
424,Dell,Gaming,Intel Core i7,16,Nvidia GeForce,Windows 10,4.42,309569,0,1,170
425,Dell,Gaming,Intel Core i7,8,Nvidia GeForce,Windows 10,2.62,128185,0,1,141
426,Dell,Notebook,Intel Core i7,8,AMD Radeon,Windows 10,2.02,126305,0,0,141
427,Dell,Ultrabook,Intel Core i7,8,Intel HD,Other Os_system,1.6,121549,0,0,157
428,HP,Gaming,Intel Core i7,12,Nvidia GeForce,Windows 10,3.35,221089,0,0,127
429,Mediacom,2 in 1 Convertible,Other Intel Processor,4,Intel HD,Windows 10,1.16,33069,1,1,190
430,Samsung,Netbook,Other Intel Processor,4,Intel HD,Other Os_system,1.15,29751,0,0,135
431,Lenovo,Notebook,Intel Core i7,8,Intel HD,Windows 10,1.4,111706,0,1,166
432,Lenovo,Notebook,Intel Core i3,4,Intel HD,Windows 10,1.7,66249,0,1,157
433,Lenovo,Workstation,Intel Core i7,16,Nvidia GeForce,Windows 10,2.3,270417,0,1,282
434,Lenovo,Notebook,Intel Core i7,16,Nvidia Quadro,Windows 10,2.5,270859,0,0,141
435,Asus,Gaming,AMD-Rysen-Series,8,AMD Radeon,Windows 10,3.2,187467,0,0,127
436,HP,Notebook,Other Intel Processor,4,Intel HD,Windows 10,2.1,38378,0,0,100
437,Google,Ultrabook,Intel Core i7,16,Intel HD,Other Os_system,1.1,243209,1,0,235
438,Lenovo,Ultrabook,Intel Core i7,24,Intel HD,Windows 10,1.32,263449,0,0,210
439,Asus,Notebook,Intel Core i5,4,Intel HD,Other Os_system,2,61825,0,0,141
440,Lenovo,Notebook,AMD-A-Series,8,AMD Radeon,Windows 10,2.8,57401,0,0,106
441,Dell,Notebook,Intel Core i5,4,AMD Radeon,Windows 10,2.2,82839,0,0,141
442,Lenovo,Ultrabook,Intel Core i5,8,Intel HD,Windows 10,1.36,158047,0,1,176
443,Lenovo,Notebook,Other Intel Processor,4,Intel HD,Windows 10,2.2,38599,0,0,141
444,HP,Gaming,Intel Core i7,8,Nvidia GeForce,Windows 10,2.2,121549,0,1,141
445,Dell,Notebook,Intel Core i5,8,Nvidia GeForce,Windows 10,1.64,130397,0,0,157
446,Acer,Notebook,Intel Core i5,4,Intel HD,Other Os_system,2.4,48774,0,0,100
447,Dell,Workstation,Other Intel Processor,8,Nvidia Quadro,Windows 10,2.23,220425,0,0,141
448,MSI,Gaming,Intel Core i5,8,Nvidia GeForce,Windows 10,2.2,113586,0,0,141
449,Microsoft,Ultrabook,Intel Core i7,16,Intel Iris,Windows 10,1.25,286343,1,0,201
450,HP,Notebook,Intel Core i5,8,Intel HD,Windows 10,1.91,65143,0,0,100
451,Dell,Workstation,Intel Core i7,16,Nvidia Quadro,Windows 10,2.17,218435,0,1,141
452,HP,Workstation,Intel Core i7,8,Intel HD,Windows 10,2.31,169660,0,1,141
453,Lenovo,Notebook,Intel Core i5,8,Intel HD,Windows 10,1.65,148757,0,0,157
454,Dell,Notebook,Intel Core i7,8,AMD Radeon,Windows 10,2.36,108277,0,0,141
455,Dell,2 in 1 Convertible,Other Intel Processor,4,Intel HD,Windows 10,1.47,52977,1,0,135
456,Dell,Notebook,Intel Core i7,8,Nvidia GeForce,Windows 10,4.42,226287,0,1,127
457,Microsoft,Ultrabook,Other Intel Processor,4,Intel HD,Windows 10,1.252,109383,1,0,201
458,Microsoft,Ultrabook,Intel Core i7,8,Intel Iris,Windows 10,1.25,198969,1,0,201
459,HP,Notebook,Intel Core i3,8,Intel HD,Windows 10,2.5,70673,0,0,106
460,Acer,Notebook,Intel Core i3,4,Nvidia GeForce,Windows 10,2.23,60166,0,0,141
461,Acer,Netbook,Other Intel Processor,4,Intel HD,Windows 10,1.4,48111,0,0,135
462,Asus,Notebook,Intel Core i5,8,Intel HD,Windows 10,2.37,82839,0,0,141
463,Lenovo,Notebook,Intel Core i7,8,AMD Radeon,No OS,1.5,88369,0,1,157
464,Lenovo,Notebook,Intel Core i7,8,Nvidia Quadro,Windows 10,2.67,231154,0,0,141
465,Asus,Notebook,Other Intel Processor,4,Intel HD,Windows 10,2,33622,0,0,100
466,Acer,Notebook,Intel Core i3,4,Nvidia GeForce,Windows 10,2.2,51871,0,0,100
467,Dell,Notebook,Intel Core i5,8,AMD Radeon,Windows 10,2.02,83945,0,0,141
468,HP,Gaming,Intel Core i7,12,Nvidia GeForce,Windows 10,3.78,187909,0,1,127
469,Lenovo,Ultrabook,Intel Core i7,12,Intel HD,Windows 10,1.4,205494,0,1,210
470,HP,2 in 1 Convertible,Intel Core i7,8,Intel UHD,Windows 10,1.29,221089,1,1,331
471,HP,Notebook,Intel Core i5,8,AMD FirePro,Windows 10,1.9,127632,0,0,141
472,Google,Ultrabook,Intel Core i5,8,Intel HD,Other Os_system,1.1,141015,1,0,235
473,Dell,Ultrabook,Intel Core i5,8,Intel UHD,Windows 10,1.42,203614,1,0,166
474,Asus,Notebook,Intel Core i7,12,Intel HD,Windows 10,2.06,143669,0,1,282
475,Dell,Notebook,Intel Core i3,8,Intel HD,Windows 10,1.79,81844,0,0,112
476,Dell,Workstation,Intel Core i7,8,Nvidia Quadro,Windows 10,1.78,266324,0,0,141
477,Lenovo,Notebook,Intel Core i5,8,Intel HD,Windows 10,1.7,150858,0,0,157
478,Dell,Notebook,Intel Core i5,8,AMD Radeon,Windows 10,2.2,74655,0,0,141
479,Toshiba,Notebook,Intel Core i5,8,Intel HD,Windows 10,1.05,184923,0,1,166
480,Dell,Notebook,Intel Core i7,8,Nvidia GeForce,Windows 10,2.16,139577,0,1,141
481,Dell,Notebook,Intel Core i3,4,Intel HD,Windows 10,2.18,64811,0,0,100
482,HP,Notebook,Intel Core i5,4,Intel UHD,Windows 10,1.49,80295,0,1,166
483,Chuwi,Notebook,Other Intel Processor,4,Intel HD,Windows 10,1.89,27428,0,0,141
484,Lenovo,Notebook,Intel Core i3,4,Intel HD,Windows 10,2.3,62489,0,0,100
485,Lenovo,Notebook,Intel Core i5,8,Intel UHD,Windows 10,1.75,116019,0,1,157
486,Dell,Workstation,Intel Core i7,16,Nvidia Quadro,Windows 10,2.17,258582,0,1,141
487,Dell,Notebook,Intel Core i7,16,Nvidia GeForce,Windows 10,2.06,210029,0,0,141
488,Lenovo,Ultrabook,Intel Core i7,16,Intel HD,Windows 10,1.36,198858,0,1,176
489,Asus,Ultrabook,Intel Core i7,16,Intel HD,Windows 10,0.91,215670,0,0,176
490,Lenovo,Notebook,Intel Core i5,8,Nvidia GeForce,Windows 10,2.3,111816,0,1,141
491,Toshiba,Ultrabook,Intel Core i7,32,Intel HD,Windows 10,1.05,309569,1,0,166
492,Asus,Gaming,Intel Core i7,8,Nvidia GeForce,Windows 10,1.99,149310,0,0,141
493,Acer,Notebook,AMD-A-Series,8,AMD Radeon,Windows 10,2.2,64037,0,0,100
494,Asus,Gaming,Intel Core i7,24,Nvidia GeForce,Windows 10,4.33,140351,1,1,127
495,Lenovo,Ultrabook,Intel Core i5,8,Intel HD,Windows 10,1.3,121549,0,1,125
496,Lenovo,Notebook,Intel Core i7,8,Intel UHD,Windows 10,2.17,99318,0,0,141
497,HP,Notebook,Intel Core i7,8,Intel HD,Windows 10,1.48,193439,0,0,157
498,Lenovo,Notebook,Intel Core i3,8,Intel HD,Windows 10,1.4,104959,0,1,166
499,Lenovo,Notebook,Intel Core i5,8,Intel HD,Windows 10,2.3,100756,0,1,141
500,Asus,Netbook,Other Intel Processor,4,Intel HD,Windows 10,1.2,37604,0,0,135
501,HP,Notebook,Intel Core i5,8,AMD Radeon,Windows 10,1.91,68350,0,0,100
502,Lenovo,2 in 1 Convertible,Intel Core i5,8,Intel UHD,Windows 10,1.4,176849,1,1,158
503,Lenovo,Notebook,Other Intel Processor,4,Intel HD,Windows 10,2.1,33069,0,0,112
504,Lenovo,Netbook,Other Intel Processor,4,Intel HD,Other Os_system,1.25,29309,0,0,135
505,Lenovo,Notebook,Intel Core i5,8,Intel HD,Windows 10,1.44,104959,0,0,166
506,Asus,Notebook,Intel Core i7,8,Intel HD,Windows 10,2,135374,0,0,141
507,Acer,Notebook,Intel Core i5,4,Nvidia GeForce,Windows 10,2.2,67797,0,1,141
508,HP,Ultrabook,Intel Core i7,8,Intel HD,Windows 10,1.34,146323,0,1,166
509,Lenovo,Gaming,Intel Core i7,8,Nvidia GeForce,No OS,2.4,127079,0,1,141
510,Dell,Ultrabook,Intel Core i5,8,Intel HD,Windows 10,1.29,99429,1,1,166
511,Acer,Notebook,Intel Core i7,4,Nvidia GeForce,Windows 10,2.2,70673,0,0,141
512,Dell,Notebook,Intel Core i5,8,Intel HD,Windows 10,2.18,92461,0,0,141
513,Dell,Notebook,Intel Core i7,16,AMD Radeon,Windows 10,2.2,134821,0,0,141
514,Xiaomi,Notebook,Intel Core i7,16,Nvidia GeForce,No OS,1.95,154729,0,1,141
515,Asus,Netbook,Other Intel Processor,2,Intel HD,Windows 10,1.1,27097,0,0,135
516,HP,Notebook,Intel Core i5,4,Intel UHD,Windows 10,2.04,57622,1,0,100
517,Asus,Gaming,Intel Core i7,24,Nvidia GeForce,Windows 10,2.24,328260,0,0,141
518,HP,Notebook,Intel Core i5,8,Nvidia GeForce,Windows 10,2.04,98323,0,0,141
519,Asus,Gaming,Intel Core i7,16,Nvidia GeForce,Windows 10,3,166342,0,0,127
520,Lenovo,Gaming,Intel Core i7,8,Nvidia GeForce,Windows 10,3.2,154729,0,1,141
521,HP,Ultrabook,Intel Core i7,8,Intel HD,Windows 10,1.32,154729,0,1,166
522,Dell,Notebook,Intel Core i5,8,Intel HD,Windows 10,1.64,141457,0,0,157
523,HP,Notebook,Intel Core i3,4,Intel HD,Windows 10,1.63,76203,0,0,100
524,Dell,Notebook,Intel Core i5,8,AMD Radeon,Other Os_system,2.8,98323,0,1,127
525,Lenovo,Notebook,Intel Core i5,8,Intel HD,Windows 7,2.02,148204,0,0,157
526,Lenovo,Notebook,Intel Core i7,4,Nvidia GeForce,Windows 10,2.2,88369,0,0,141
527,Lenovo,Notebook,Intel Core i3,8,Nvidia GeForce,No OS,2.2,50765,0,0,100
528,Dell,Notebook,Intel Core i5,4,AMD Radeon,Windows 10,2.3,64701,0,0,141
529,Dell,Notebook,Intel Core i5,8,Intel HD,Windows 10,1.9,152296,0,0,141
530,Dell,Gaming,Intel Core i7,16,Nvidia GeForce,Windows 10,4.42,333127,0,1,127
531,Toshiba,Notebook,Intel Core i5,8,Intel HD,Windows 10,2.0,95116,0,1,141
532,Asus,Notebook,Intel Core i7,8,Nvidia GeForce,Windows 10,2,143669,0,1,282
533,Mediacom,Notebook,Other Intel Processor,4,Intel HD,Windows 10,1.2,40811,0,1,166
534,Asus,Gaming,Intel Core i5,8,Nvidia GeForce,Windows 10,2.3,182379,0,1,141
535,Dell,Notebook,Intel Core i7,8,Nvidia GeForce,Windows 10,1.93,151411,0,0,141
536,Dell,Notebook,Intel Core i5,8,AMD Radeon,Windows 10,2.2,88148,0,0,141
537,HP,Notebook,Other Intel Processor,4,Intel HD,Windows 10,1.86,44018,0,0,141
538,HP,Gaming,Intel Core i7,12,Nvidia GeForce,Windows 10,2.62,198969,0,0,127
539,Lenovo,Notebook,Intel Core i7,8,Nvidia GeForce,Windows 10,1.87,95005,0,1,157
540,Dell,Ultrabook,Intel Core i7,8,Intel UHD,Windows 10,1.2,154729,1,0,276
541,Dell,Notebook,Intel Core i3,4,Intel HD,Windows 10,1.6,81291,0,0,157
542,HP,Ultrabook,Intel Core i7,8,Intel HD,Windows 10,1.34,126637,0,1,276
543,Acer,Gaming,Intel Core i5,8,Nvidia GeForce,Other Os_system,2.4,88258,0,0,141
544,Asus,Notebook,AMD-E-Series,4,AMD Radeon,Windows 10,2,38599,0,0,100
545,HP,Notebook,Intel Core i3,4,Intel HD,Windows 10,2.1,77973,0,0,141
546,Lenovo,Notebook,Intel Core i5,4,Intel HD,Windows 10,1.87,86821,0,0,157
547,Lenovo,Notebook,Intel Core i5,4,Intel HD,No OS,2.15,51097,0,0,141
548,HP,Notebook,Intel Core i3,4,Intel HD,Windows 10,1.86,43908,0,0,141
549,Lenovo,Notebook,Intel Core i7,8,Intel HD,Windows 10,1.99,191227,0,1,141
550,Lenovo,Notebook,Intel Core i3,4,Intel HD,Windows 10,2.2,55189,0,0,141
551,Dell,Notebook,Intel Core i5,8,Intel HD,Windows 10,1.9,123429,0,0,141
552,Dell,Gaming,Intel Core i7,16,Nvidia GeForce,Windows 10,4.42,298509,0,1,127
553,HP,Notebook,Intel Core i3,8,Intel HD,Windows 10,2.65,60166,0,0,106
554,HP,Notebook,Intel Core i7,8,Nvidia GeForce,Windows 10,2.63,141568,0,0,127
555,Asus,Notebook,Other Intel Processor,4,Intel HD,Other Os_system,2,24774,0,0,100
556,Mediacom,Notebook,Other Intel Processor,4,Intel HD,Windows 10,1.35,28203,0,1,166
557,Lenovo,Notebook,Intel Core i7,6,Nvidia GeForce,Windows 10,2.8,104959,0,0,106
558,HP,Notebook,AMD-A-Series,6,AMD Radeon,Windows 10,1.91,62820,0,1,141
559,Dell,Notebook,Intel Core i3,4,AMD Radeon,Windows 10,2.18,68240,0,0,100
560,Acer,2 in 1 Convertible,Other Intel Processor,4,Intel HD,Windows 10,1.25,38599,1,1,190
561,Lenovo,Notebook,Intel Core i3,4,Intel HD,Windows 10,2.05,69678,0,0,141
562,HP,Ultrabook,Other Intel Processor,16,Intel HD,Windows 10,1.16,217329,1,1,276
563,Lenovo,Notebook,Intel Core i7,8,Nvidia Quadro,Windows 10,3.4,331689,0,1,127
564,Asus,Notebook,Intel Core i5,8,Nvidia GeForce,Windows 10,2.5,92793,0,0,141
565,Dell,Ultrabook,Intel Core i5,8,Intel UHD,Windows 10,1.21,176849,1,1,331
566,Dell,Notebook,Intel Core i5,4,Intel HD,Windows 10,1.93,106065,0,0,100
567,Fujitsu,Notebook,Intel Core i5,8,Intel HD,Windows 10,2.2,81733,0,0,100
568,Lenovo,Notebook,Other Intel Processor,4,Intel HD,Windows 10,2.2,38046,0,0,141
569,Lenovo,Notebook,Intel Core i5,4,Intel HD,Windows 10,2.02,109494,0,0,112
570,HP,Workstation,Intel Core i5,8,Nvidia Quadro,Windows 10,3.14,205716,0,0,106
571,HP,Notebook,Other Intel Processor,8,Intel HD,Windows 10,1.94,43023,0,0,112
572,HP,Notebook,AMD-A-Series,6,AMD Radeon,Windows 10,1.95,71779,0,1,141
573,Lenovo,Notebook,Intel Core i5,8,Intel HD,Windows 10,2.3,91798,0,0,141
574,Lenovo,Notebook,Intel Core i5,4,Intel HD,Windows 10,2.05,75761,0,0,141
575,Mediacom,Notebook,Other Intel Processor,4,Intel HD,Windows 10,1.4,27539,0,0,157
576,Toshiba,Ultrabook,Intel Core i7,16,Intel HD,Windows 10,1.24,206269,1,0,157
577,Lenovo,Gaming,Intel Core i7,32,Nvidia GeForce,Windows 10,4.6,294527,0,1,127
578,MSI,Gaming,Intel Core i7,16,Nvidia GeForce,Windows 10,4.14,301827,0,0,127
579,Dell,Notebook,Intel Core i7,8,AMD Radeon,Other Os_system,2.2,82839,0,0,141
580,Mediacom,Notebook,Other Intel Processor,4,Intel HD,Windows 10,1.45,43023,0,1,157
581,Dell,Notebook,Intel Core i5,8,Intel HD,Windows 10,1.9,111484,0,0,100
582,HP,Notebook,Intel Core i3,4,Intel HD,Windows 10,1.49,79521,0,0,166
583,Dell,Notebook,Intel Core i7,16,Nvidia GeForce,Windows 10,1.93,169992,0,0,141
584,Dell,Netbook,Other Intel Processor,4,Intel HD,Other Os_system,1.26,32627,0,0,135
585,MSI,Gaming,Intel Core i7,16,Nvidia GeForce,Windows 10,4.5,259799,0,0,127
586,HP,Gaming,Intel Core i7,16,Nvidia GeForce,Windows 10,3.78,165678,0,1,127
587,Lenovo,Ultrabook,Intel Core i7,12,Intel HD,Windows 10,1.4,185033,0,1,157
588,Lenovo,Notebook,Intel Core i7,12,Intel HD,Windows 10,2.2,67355,1,0,100
589,Asus,Gaming,Intel Core i5,8,Nvidia GeForce,Windows 10,2.73,195762,0,1,127
590,Asus,2 in 1 Convertible,Intel Core i5,8,Intel HD,Windows 10,2.2,81733,1,0,100
591,Lenovo,Notebook,AMD-A-Series,12,AMD Radeon,Windows 10,2.2,104959,0,0,141
592,Dell,2 in 1 Convertible,Other Intel Processor,4,Intel HD,Windows 10,1.39,66691,1,0,135
593,Samsung,Notebook,Intel Core i7,16,Nvidia GeForce,Windows 10,2.5,187909,0,0,141
594,Lenovo,Notebook,Intel Core i3,4,Intel HD,No OS,2.8,58507,0,0,127
595,Lenovo,Notebook,Intel Core i3,8,Intel HD,Windows 10,2.29,50765,0,0,100
596,Lenovo,2 in 1 Convertible,Intel Core i7,8,Intel HD,Windows 10,1.37,223965,1,1,166
597,Lenovo,Notebook,Intel Core i5,8,Intel HD,Windows 10,1.7,163024,0,1,157
598,Dell,2 in 1 Convertible,Intel Core i5,8,Intel HD,Windows 10,1.34,184702,1,0,176
599,Dell,Workstation,Intel Core i7,8,Nvidia Quadro,Windows 10,2.06,194987,1,0,141
600,HP,Notebook,Intel Core i7,8,Intel HD,Windows 10,1.84,134821,0,0,141
601,HP,Notebook,Intel Core i3,4,Intel HD,Windows 10,2.1,73880,0,0,100
602,Acer,Notebook,Other Intel Processor,4,Intel HD,Windows 10,1.6,36387,0,0,157
603,MSI,Gaming,Intel Core i7,16,Nvidia GeForce,Windows 10,4.14,243209,0,0,127
604,Dell,Notebook,Intel Core i3,4,AMD Radeon,Other Os_system,2.18,51429,0,0,100
605,MSI,Gaming,Intel Core i7,16,Nvidia GeForce,Windows 10,1.8,254269,0,0,282
606,Toshiba,Notebook,Intel Core i7,8,Intel HD,Windows 10,2.2,154729,0,1,141
607,Lenovo,Notebook,Intel Core i5,6,Intel HD,Windows 10,2.4,62378,0,0,141
608,Lenovo,2 in 1 Convertible,Intel Core i7,8,Intel HD,Windows 10,2,143669,1,1,141
609,Acer,Notebook,Other Intel Processor,4,Intel HD,Windows 10,1.6,38599,0,0,112
610,Lenovo,Notebook,Other Intel Processor,32,Nvidia Quadro,Windows 10,2.5,541829,0,1,282
611,Dell,Gaming,Intel Core i7,16,Nvidia GeForce,Windows 10,2.59,97217,0,0,141
612,Dell,Notebook,Intel Core i3,4,Intel HD,Other Os_system,2.18,48995,0,0,100
613,Dell,Notebook,Intel Core i3,4,Intel HD,Other Os_system,2.25,39705,0,0,100
614,Dell,Notebook,Intel Core i5,4,Intel HD,Other Os_system,1.93,96111,0,0,100
615,Asus,Gaming,Intel Core i7,8,Nvidia GeForce,Windows 10,3,129180,0,0,127
616,Dell,Notebook,Intel Core i5,4,AMD Radeon,Other Os_system,2.18,62931,0,0,141
617,HP,Ultrabook,Intel Core i7,8,Intel HD,Windows 10,1.84,153623,0,0,141
618,MSI,Gaming,Intel Core i7,16,Nvidia GeForce,Windows 10,2.94,250730,0,0,141
619,Acer,2 in 1 Convertible,Other Intel Processor,4,Intel HD,Other Os_system,1.25,41917,1,1,135
620,HP,Notebook,Intel Core i5,8,Intel HD,Windows 10,2.31,124314,0,0,112
621,Lenovo,Notebook,Intel Core i5,8,Intel HD,Windows 7,1.65,162029,0,0,157
622,Dell,Notebook,Intel Core i5,4,AMD Radeon,Windows 10,2.2,85825,0,0,141
623,Fujitsu,Notebook,Intel Core i5,8,Intel HD,Windows 10,2.2,88369,0,0,100
624,HP,Notebook,Intel Core i5,4,Intel HD,Windows 7,1.88,103079,0,0,100
625,Lenovo,Notebook,Intel Core i7,8,Nvidia GeForce,Windows 10,2.2,99429,0,0,141
626,Mediacom,Notebook,Other Intel Processor,2,Intel HD,Windows 10,1.4,26433,0,0,157
627,Lenovo,Notebook,Intel Core i5,4,Intel HD,No OS,2.2,51760,0,0,141
628,Asus,2 in 1 Convertible,Intel Core i5,6,Intel HD,Windows 10,1.5,70673,1,0,166
629,Dell,Notebook,Intel Core i7,8,Nvidia GeForce,Windows 10,2,201292,0,0,141
630,Asus,Ultrabook,Intel Core i7,16,Intel HD,Windows 10,1.1,210140,0,0,157
631,Dell,Gaming,Intel Core i7,16,Nvidia GeForce,Windows 10,2.62,163577,0,0,141
632,Lenovo,Notebook,Intel Core i5,4,Intel UHD,Windows 10,1.8,91687,0,0,141
633,Lenovo,Notebook,Intel Core i3,4,Nvidia GeForce,Windows 10,2.2,64037,0,0,141
634,Asus,Notebook,Other Intel Processor,8,Intel HD,Windows 10,2,44129,0,0,100
635,Asus,Notebook,Intel Core i5,8,Nvidia GeForce,Windows 10,1.99,100203,0,0,141
636,Dell,Ultrabook,Intel Core i5,8,Intel UHD,Windows 10,1.23,206711,1,0,276
637,Lenovo,Notebook,Other Intel Processor,2,Intel HD,Windows 10,1.42,27539,0,0,112
638,Lenovo,2 in 1 Convertible,Intel Core i7,8,Intel HD,Windows 10,1.37,194324,1,1,166
639,Dell,Notebook,Intel Core i7,16,Nvidia GeForce,Windows 10,2.06,265329,1,0,282
640,Lenovo,Gaming,Intel Core i7,8,Nvidia GeForce,Windows 10,2.5,122655,0,1,141
641,HP,Notebook,AMD-A-Series,8,AMD Radeon,Windows 10,2.6,57512,0,0,108
642,Lenovo,Ultrabook,Intel Core i7,16,Intel HD,Windows 10,1.14,270970,0,1,157
643,Asus,Gaming,Intel Core i7,8,Nvidia GeForce,No OS,2.5,129291,0,1,141
644,Acer,Notebook,Intel Core i3,4,Intel HD,Windows 10,2.4,49770,0,0,100
645,Lenovo,Notebook,Other Intel Processor,4,Intel HD,Windows 10,1.43,30304,0,0,112
646,Acer,Ultrabook,Intel Core i5,8,Intel Graphics,Windows 10,1.8,101641,0,1,157
647,Razer,Gaming,Intel Core i7,16,Nvidia GeForce,Windows 10,1.95,287449,0,0,157
648,Toshiba,Notebook,Intel Core i5,8,Intel HD,Windows 10,1.2,134157,0,0,166
649,Lenovo,Ultrabook,Intel Core i7,8,Intel HD,Windows 10,1.36,175190,0,1,176
650,Asus,Gaming,Intel Core i7,32,Nvidia GeForce,Windows 10,3.8,309569,0,1,127
651,Acer,Gaming,Intel Core i5,8,Nvidia GeForce,Other Os_system,2.4,78415,0,0,141
652,Dell,Ultrabook,Intel Core i5,8,Intel UHD,Windows 10,1.2,160259,0,0,166
653,MSI,Gaming,Intel Core i7,8,Nvidia GeForce,Windows 10,2.2,131724,0,0,141
654,HP,Notebook,Intel Core i3,4,Intel HD,No OS,1.86,40258,0,0,100
655,Toshiba,Notebook,Intel Core i5,8,Intel HD,Windows 10,2.0,117678,0,1,141
656,Dell,Notebook,Intel Core i7,8,AMD Radeon,Windows 10,2.2,101641,0,0,141
657,Dell,Notebook,Intel Core i7,16,AMD Radeon,Windows 10,2.2,125531,0,0,141
658,Lenovo,Gaming,Intel Core i7,8,Nvidia GeForce,Windows 10,3.31,132277,0,1,141
659,Dell,Gaming,Intel Core i7,32,Nvidia GeForce,Windows 10,4.42,348058,0,1,255
660,Dell,Notebook,Intel Core i5,8,Intel HD,Windows 10,1.56,135927,0,0,157
661,Lenovo,Notebook,Other Intel Processor,4,Intel HD,Windows 10,2.2,46341,0,0,100
662,Lenovo,Notebook,Intel Core i5,4,Intel HD,Windows 10,2.2,59171,0,0,141
663,HP,Notebook,Intel Core i3,6,AMD Radeon,Windows 10,2.04,59613,0,0,141
664,MSI,Gaming,Intel Core i7,8,Nvidia GeForce,Windows 10,2.7,164351,0,0,127
665,Toshiba,Notebook,Intel Core i3,4,Intel HD,Windows 10,2.1,55078,0,0,100
666,Dell,Notebook,Intel Core i5,8,Intel HD,Windows 10,2.06,105623,0,0,141
667,HP,Notebook,Intel Core i7,8,AMD Radeon,Windows 10,2.1,82397,0,0,141
668,Toshiba,Notebook,Intel Core i5,8,Intel HD,Windows 10,2.0,139134,0,1,141
669,Acer,Notebook,Intel Core i3,4,Intel HD,Other Os_system,2.1,45567,0,0,100
670,Microsoft,Ultrabook,Intel Core i7,8,Intel Iris,Windows 10,1.252,206490,1,0,201
671,Lenovo,Notebook,Intel Core i5,8,AMD Radeon,Windows 10,1.90,90360,0,0,141
672,Lenovo,2 in 1 Convertible,Intel Core i5,8,Intel HD,Windows 10,1.3,114360,1,1,166
673,Lenovo,Notebook,AMD-E-Series,4,AMD Radeon,Windows 10,2.2,38599,0,0,100
674,HP,2 in 1 Convertible,Intel Core i3,4,Nvidia GeForce,Windows 10,1.63,77309,1,1,157
675,MSI,Gaming,Intel Core i7,16,Nvidia GeForce,Windows 10,2.4,143116,0,0,141
676,Asus,Ultrabook,Intel Core i5,8,Intel HD,Windows 10,1.1,125531,0,0,157
677,HP,2 in 1 Convertible,Other Intel Processor,8,Intel HD,Other Os_system,1.4,54747,1,0,135
678,LG,Ultrabook,Intel Core i7,8,Intel HD,Windows 10,1.09,254269,0,1,141
679,Acer,Gaming,Intel Core i5,16,Nvidia GeForce,Windows 10,2.5,143669,0,0,141
680,MSI,Gaming,Intel Core i5,8,Nvidia GeForce,Windows 10,2.2,110268,0,0,141
681,Asus,Notebook,Other Intel Processor,4,Intel HD,Windows 10,1.86,46341,0,0,100
682,Dell,Gaming,Intel Core i5,16,Nvidia GeForce,Windows 10,3.21,226840,0,0,141
683,HP,Notebook,Intel Core i3,4,AMD Radeon,Windows 10,2.5,77309,0,1,127
684,Lenovo,2 in 1 Convertible,Intel Core i7,8,Intel UHD,Windows 10,1.19,165789,1,1,166
685,Dell,Gaming,Intel Core i7,16,Nvidia GeForce,Windows 10,3.49,311117,0,0,141
686,HP,Notebook,Intel Core i5,4,AMD Radeon,Windows 10,1.86,67687,0,0,100
687,Dell,Notebook,Intel Core i3,4,AMD Radeon,Windows 10,2.2,60277,0,0,100
688,HP,Notebook,AMD-A-Series,6,AMD Radeon,Windows 10,2.65,62931,0,1,127
689,Lenovo,Notebook,Other Intel Processor,4,Intel HD,Windows 10,2.1,35170,0,0,100
690,Acer,Notebook,Other Intel Processor,4,Intel HD,Other Os_system,1.45,41475,0,0,112
691,Lenovo,Notebook,Intel Core i5,4,Intel HD,Windows 10,1.7,77309,0,0,157
692,HP,Workstation,Intel Core i7,8,Nvidia Quadro,Windows 10,3.14,210914,0,0,127
693,Lenovo,2 in 1 Convertible,Intel Core i7,8,Intel HD,Windows 10,1.42,286454,1,0,210
694,Toshiba,Notebook,Intel Core i5,8,Intel HD,Windows 10,1.5,107613,0,1,166
695,Acer,Netbook,Other Intel Processor,4,Intel HD,Windows 10,1.4,29751,0,0,135
696,Lenovo,2 in 1 Convertible,Intel Core i7,16,Intel HD,Windows 10,1.38,193439,1,0,157
697,Asus,2 in 1 Convertible,Other Intel Processor,4,Intel HD,Other Os_system,1.2,73991,1,0,176
698,Toshiba,Ultrabook,Intel Core i7,16,Intel HD,Windows 10,1.36,207596,1,0,166
699,HP,Notebook,Intel Core i7,4,AMD Radeon,Windows 10,2.1,76203,0,1,141
700,Dell,Gaming,Intel Core i5,8,Nvidia GeForce,Windows 10,2.56,90581,0,0,141
701,Lenovo,Notebook,AMD-A-Series,4,AMD Radeon,Windows 10,2.2,44129,0,0,141
702,Lenovo,Notebook,AMD-A-Series,8,AMD Radeon,Windows 10,2.2,47447,0,0,100
703,Lenovo,Notebook,Intel Core i5,4,Intel HD,Windows 10,2.1,68682,0,0,141
704,Lenovo,Notebook,Intel Core i3,4,Intel HD,No OS,1.90,49770,0,0,100
705,Dell,Notebook,Intel Core i5,8,Intel HD,Windows 10,2.18,87927,0,0,141
706,Acer,2 in 1 Convertible,Intel Core i5,8,Intel UHD,Windows 10,1.6,110489,1,1,166
707,Lenovo,Workstation,Intel Core i7,16,Nvidia Quadro,Windows 7,2.18,205163,0,0,141
708,Lenovo,Notebook,Intel Core i5,8,Intel HD,Windows 10,1.8,131724,0,0,157
709,HP,Notebook,AMD-A-Series,6,AMD Radeon,Windows 10,2.71,72443,0,1,127
710,Lenovo,Gaming,Intel Core i7,8,Nvidia GeForce,Windows 10,2.5,138139,0,1,141
711,Dell,Notebook,Intel Core i5,8,Nvidia GeForce,Other Os_system,1.64,120443,0,0,157
712,Dell,Notebook,Intel Core i5,8,Intel HD,Other Os_system,1.98,80295,0,0,141
713,Asus,Notebook,Other Intel Processor,4,Intel HD,Windows 10,1.5,32958,0,0,157
714,Dell,Notebook,Intel Core i5,16,Intel HD,Windows 10,1.93,157715,0,0,141
715,Lenovo,Notebook,Intel Core i5,8,Nvidia GeForce,Windows 10,1.87,94784,0,1,157
716,Dell,Notebook,Intel Core i5,8,Intel HD,Windows 10,1.9,130397,0,0,141
717,Lenovo,Notebook,AMD-A-Series,4,AMD Radeon,Windows 10,2.19,32958,0,0,100
718,Mediacom,Notebook,Other Intel Processor,4,Intel HD,Windows 10,1.4,29309,0,1,162
719,HP,Notebook,Intel Core i7,8,Nvidia GeForce,Windows 10,2.63,132720,0,0,127
720,Lenovo,Ultrabook,Intel Core i7,8,Intel HD,Windows 10,1.17,186471,0,1,210
721,HP,2 in 1 Convertible,Intel Core i5,8,Intel HD,Windows 10,1.58,92461,1,1,118
722,Lenovo,Ultrabook,Intel Core i5,8,Intel HD,Windows 10,1.32,165789,0,1,157
723,Dell,Gaming,Intel Core i7,32,Nvidia GeForce,Windows 10,4.36,404685,0,0,255
724,MSI,Gaming,Intel Core i7,8,Nvidia GeForce,Windows 10,2.7,149088,0,0,127
725,Lenovo,Notebook,Intel Core i5,4,Intel HD,No OS,1.9,54083,0,0,100
726,Dell,Notebook,Intel Core i5,8,AMD Radeon,Windows 10,2.2,79521,0,0,141
727,Dell,2 in 1 Convertible,Intel Core i3,4,Intel HD,Windows 10,1.71,71779,1,0,166
728,Dell,Notebook,Intel Core i5,8,AMD Radeon,Other Os_system,2.32,65143,0,0,100
729,HP,Notebook,AMD-A-Series,4,AMD Radeon,Windows 10,2.1,54083,0,0,141
730,Acer,Gaming,Intel Core i7,16,Nvidia GeForce,Windows 10,4.2,214011,0,1,127
731,Dell,Notebook,Intel Core i5,12,Intel HD,Windows 10,2.25,71779,0,0,100
732,HP,Notebook,AMD-A-Series,6,AMD Radeon,Windows 10,2.1,71890,0,0,141
733,Acer,Notebook,Intel Core i5,4,Intel HD,Windows 10,2.4,61825,0,0,100
734,Lenovo,Notebook,Intel Core i5,8,Intel HD,Windows 10,1.44,106176,0,1,166
735,Lenovo,Notebook,Intel Core i7,4,Intel HD,Windows 10,1.85,86157,0,0,141
736,HP,Workstation,Intel Core i7,16,Nvidia Quadro,Windows 10,2.6,267541,0,0,141
737,Dell,2 in 1 Convertible,Intel Core i5,8,Intel UHD,Windows 10,1.55,72885,1,0,166
738,MSI,Gaming,Intel Core i7,16,Nvidia GeForce,Windows 10,1.8,231596,0,0,141
739,Acer,Notebook,Intel Core i3,4,Intel HD,Windows 10,2.4,45346,0,0,100
740,Dell,Notebook,Intel Core i7,8,Nvidia GeForce,Windows 10,2.0,133494,0,0,141
741,Dell,Notebook,Intel Core i3,8,Intel HD,Windows 10,2,73549,0,0,100
742,Toshiba,Notebook,Intel Core i5,8,Intel HD,Windows 10,1.25,169771,1,1,157
743,Lenovo,2 in 1 Convertible,Intel Core i5,8,Intel HD,Windows 10,1.7,110489,1,0,157
744,Lenovo,Workstation,Intel Core i7,16,Nvidia Quadro,Windows 10,2.5,364869,0,1,282
745,Acer,Notebook,Other Intel Processor,2,Intel HD,Other Os_system,1.68,36498,0,0,112
746,Samsung,Ultrabook,Intel Core i7,16,Intel HD,Windows 10,0.81,182379,0,0,166
747,HP,Notebook,Intel Core i3,8,Intel HD,Windows 10,1.86,59613,0,0,141
748,Dell,Notebook,Intel Core i5,8,Intel HD,Windows 10,1.6,124535,0,0,112
749,HP,Workstation,Other Intel Processor,16,Nvidia Quadro,Windows 7,3,485423,0,1,127
750,Lenovo,Netbook,Other Intel Processor,4,Intel HD,Windows 10,1.4,52535,1,0,135
751,HP,Notebook,Intel Core i5,8,Intel HD,Windows 10,1.84,210140,0,0,141
752,Asus,Notebook,Intel Core i5,4,Nvidia GeForce,No OS,2.45,64037,0,0,100
753,Lenovo,Ultrabook,Intel Core i5,4,Intel HD,Windows 10,1.7,121217,0,0,157
754,Asus,Notebook,Intel Core i7,4,Intel HD,Windows 10,2.37,93899,0,0,100
755,Lenovo,2 in 1 Convertible,Intel Core i5,8,Intel HD,Windows 10,1.3,132609,1,1,276
756,HP,Notebook,Intel Core i5,8,Nvidia GeForce,Windows 10,2.2,121549,0,1,141
757,HP,Workstation,Intel Core i7,8,Nvidia Quadro,Windows 7,2.59,172646,0,0,141
758,Dell,Gaming,Intel Core i7,16,Nvidia GeForce,Windows 10,4.42,317200,0,1,282
759,Acer,Notebook,Intel Core i5,4,Intel HD,Windows 10,2.1,66249,0,0,100
760,Lenovo,Gaming,Intel Core i7,8,Nvidia GeForce,Windows 10,2.5,115908,0,1,141
761,Dell,Ultrabook,Intel Core i7,16,Intel HD,Windows 10,1.18,205605,0,0,176
762,Google,Ultrabook,Intel Core i5,8,Intel HD,Other Os_system,1.1,172425,1,0,235
763,Asus,Ultrabook,Intel Core i5,8,Intel HD,Windows 10,1.2,124867,0,1,276
764,Dell,Notebook,Intel Core i3,4,Intel HD,Windows 10,1.65,93899,0,0,118
765,Acer,Notebook,Intel Core i5,4,Intel HD,Windows 10,1.6,72443,0,0,118
766,Asus,Notebook,Other Intel Processor,4,Nvidia GeForce,Windows 10,2.8,51982,0,0,91
767,Dell,Gaming,Intel Core i7,16,Nvidia GeForce,Windows 10,2.72,121549,1,1,282
768,Samsung,Ultrabook,Intel Core i7,8,Intel HD,Windows 10,1.31,176849,1,0,166
769,Acer,Notebook,Other Intel Processor,4,Intel HD,Other Os_system,2.1,32958,0,0,100
770,Dell,Notebook,Intel Core i7,16,AMD Radeon,Windows 10,2.3,130618,0,0,141
771,Samsung,2 in 1 Convertible,Intel Core i7,16,AMD Radeon,Windows 10,1.71,198969,1,0,147
772,Toshiba,Notebook,Intel Core i5,4,Intel HD,Windows 10,1.75,112812,0,1,112
773,Dell,Gaming,Intel Core i7,8,Nvidia GeForce,Windows 10,2.62,121549,0,0,141
774,HP,Ultrabook,Intel Core i5,4,Intel HD,Windows 10,1.26,137586,0,0,125
775,Asus,2 in 1 Convertible,Intel Core i7,12,Nvidia GeForce,Windows 10,2.3,92793,1,0,141
776,Lenovo,Notebook,Intel Core i7,16,Nvidia Quadro,Windows 7,2.5,262122,0,0,282
777,Acer,Notebook,Intel Core i3,4,Intel HD,Windows 10,1.8,70341,0,1,157
778,Razer,Gaming,Intel Core i7,16,Nvidia GeForce,Windows 10,1.95,320629,0,0,157
779,Asus,Notebook,Other Intel Processor,8,Intel HD,Windows 10,2,64258,0,0,141
780,Dell,Gaming,Intel Core i7,32,Nvidia GeForce,Windows 10,4.42,396832,0,1,127
781,Asus,Gaming,Intel Core i7,16,Nvidia GeForce,Windows 10,4.3,259910,0,1,127
782,Toshiba,Ultrabook,Intel Core i7,16,Nvidia GeForce,Windows 10,1.47,195098,0,1,157
783,Lenovo,Notebook,Other Intel Processor,8,Intel HD,No OS,2.2,36387,0,0,100
784,Lenovo,Ultrabook,Intel Core i7,16,Intel HD,Windows 10,1.7,254269,0,0,157
785,MSI,Gaming,Intel Core i7,16,Nvidia GeForce,Windows 10,1.6,209144,0,1,157
786,MSI,Gaming,Intel Core i5,8,Nvidia GeForce,Windows 10,2.2,120443,0,0,141
787,Lenovo,Gaming,Intel Core i7,4,Nvidia GeForce,Windows 10,2.4,110489,0,1,141
788,Acer,Gaming,Intel Core i7,16,Nvidia GeForce,Windows 10,4.2,254269,0,1,127
789,Dell,Gaming,Intel Core i5,8,Nvidia GeForce,Windows 10,2.62,108941,0,0,141
790,Asus,Gaming,Intel Core i7,8,Nvidia GeForce,Windows 10,2.24,148093,0,0,141
791,Vero,Notebook,Other Intel Processor,4,Intel HD,Windows 10,1.22,22341,0,0,157
792,Lenovo,2 in 1 Convertible,Intel Core i7,8,Intel HD,Windows 10,1.37,217882,1,1,166
793,Lenovo,2 in 1 Convertible,Intel Core i5,8,AMD Radeon,Windows 10,2.08,106065,1,0,141
794,Apple,Ultrabook,Other Intel Processor,8,Intel HD, Mac OS,0.920,128849,0,1,226
795,Lenovo,2 in 1 Convertible,Intel Core i5,8,Intel HD,Windows 10,1.42,257698,1,1,210
796,Asus,Notebook,Other Intel Processor,4,Intel HD,Windows 10,1.63,33069,0,0,112
797,Dell,Notebook,Intel Core i5,8,Intel HD,Windows 10,1.95,89586,0,0,100
798,Lenovo,2 in 1 Convertible,Intel Core i7,8,Intel HD,Windows 10,1.38,149199,1,1,158
799,Dell,Notebook,Intel Core i3,8,AMD Radeon,Windows 10,2,81733,0,0,141
800,HP,Workstation,Intel Core i7,8,Nvidia Quadro,Windows 10,3.14,228278,0,0,141
801,Asus,Notebook,Intel Core i5,8,Intel HD,Windows 10,2.37,121549,0,0,141
802,Dell,Ultrabook,Intel Core i5,8,Intel HD,Windows 10,1.29,165789,0,0,166
803,Dell,Notebook,Intel Core i5,8,Nvidia GeForce,Windows 10,2.06,193439,1,0,282
804,Dell,Netbook,Other Intel Processor,4,Intel HD,Windows 10,1.63,82286,0,0,135
805,HP,Netbook,Intel Core i5,8,Intel HD,Windows 10,1.26,153623,0,0,125
806,Toshiba,Notebook,Intel Core i5,4,Intel HD,Windows 10,2.1,86268,0,0,100
807,HP,Notebook,AMD-A-Series,8,AMD Radeon,Windows 10,2.04,69567,0,0,100
808,Dell,Gaming,Intel Core i7,16,Nvidia GeForce,Windows 10,2.62,185697,0,0,282
809,Lenovo,Notebook,Intel Core i5,4,Nvidia GeForce,Windows 10,2.4,67355,0,0,141
810,HP,Gaming,Intel Core i7,12,AMD Radeon,Windows 10,3.74,193439,0,1,127
811,MSI,Gaming,Intel Core i7,16,Nvidia GeForce,Windows 10,2.9,267099,0,0,127
812,Samsung,Ultrabook,Intel Core i5,8,Intel HD,Windows 10,0.81,165789,0,0,166
813,Dell,Notebook,Intel Core i7,8,Nvidia GeForce,Windows 10,1.98,106286,0,0,141
814,Dell,Notebook,Intel Core i5,8,AMD Radeon,Windows 10,2.18,87263,0,0,141
815,Lenovo,Ultrabook,Intel Core i7,8,Intel HD,Windows 10,1.32,205605,0,0,157
816,Razer,Ultrabook,Intel Core i7,16,Intel HD,Windows 10,1.29,198969,1,1,352
817,HP,Netbook,Other Intel Processor,4,Intel HD,Other Os_system,1.23,42581,0,0,135
818,Dell,Gaming,Intel Core i7,16,Nvidia GeForce,Windows 10,4.36,277053,0,1,127
819,Dell,Notebook,Intel Core i5,4,Intel HD,Windows 10,1.76,83503,0,0,112
820,Lenovo,Notebook,Intel Core i3,4,Intel HD,Windows 10,2.1,54083,0,0,100
821,Toshiba,Ultrabook,Intel Core i5,4,Intel HD,Windows 10,1.25,120554,0,0,112
822,Lenovo,Ultrabook,Intel Core i7,8,Intel HD,Windows 10,1.13,276389,0,1,157
823,MSI,Gaming,Intel Core i5,8,Nvidia GeForce,Windows 10,2.4,132609,0,0,141
824,Lenovo,Ultrabook,Intel Core i5,8,Intel HD,Windows 10,1.13,207375,0,1,157
825,Toshiba,Notebook,Other Intel Processor,4,Intel HD,Windows 10,1.75,55189,0,0,112
826,Asus,2 in 1 Convertible,Intel Core i5,8,Intel HD,Windows 10,1.1,150194,1,0,166
827,Dell,Notebook,Intel Core i3,4,Intel HD,Windows 10,1.76,64701,0,0,112
828,Acer,Netbook,Other Intel Processor,4,Intel HD,Other Os_system,1.35,39263,0,1,135
829,Acer,Notebook,Intel Core i3,8,Intel HD,Windows 10,1.5,68461,0,1,157
830,Razer,Gaming,Intel Core i7,32,Nvidia GeForce,Windows 10,3.49,608189,1,0,255
831,Lenovo,Ultrabook,Intel Core i7,16,Intel HD,Windows 10,1.1,232149,0,1,210
832,Asus,Notebook,Intel Core i5,4,Nvidia GeForce,Other Os_system,2.1,57401,0,0,141
833,Lenovo,Notebook,Intel Core i5,8,Intel HD,Windows 10,1.7,131171,0,0,157
834,Lenovo,Notebook,Intel Core i5,8,Intel HD,Windows 10,1.32,182490,0,1,157
835,Dell,Gaming,Intel Core i7,16,Nvidia GeForce,Windows 10,3.21,306804,0,0,141
836,Asus,Gaming,Intel Core i7,16,Nvidia GeForce,Windows 10,2.9,267541,0,0,127
837,Toshiba,Notebook,Intel Core i3,4,Intel HD,Windows 10,2.0,73991,0,0,100
838,Lenovo,Notebook,Other Intel Processor,4,Intel HD,Other Os_system,1.5,35945,0,0,112
839,Asus,Notebook,Intel Core i5,8,Intel HD,Windows 10,2.3,65254,0,0,141
840,Asus,Gaming,Intel Core i7,16,Nvidia GeForce,Windows 10,2.73,198969,0,0,127
841,Dell,Gaming,Intel Core i7,32,Nvidia GeForce,Windows 10,4.42,339763,0,1,127
842,HP,Notebook,Intel Core i5,8,Nvidia GeForce,Windows 10,2.63,100646,0,0,106
843,Dell,Notebook,Intel Core i5,8,Intel HD,Windows 10,2.18,78857,0,0,100
844,HP,Ultrabook,Intel Core i7,8,Intel HD,Windows 7,1.54,206822,0,0,157
845,Dell,Notebook,Intel Core i7,4,AMD Radeon,Windows 10,2.18,81733,0,0,141
846,HP,2 in 1 Convertible,Other Intel Processor,4,Intel HD,Other Os_system,1.4,68019,1,0,135
847,Asus,Ultrabook,Intel Core i5,8,Nvidia GeForce,Windows 10,1.45,113475,0,1,166
848,HP,2 in 1 Convertible,Intel Core i5,8,Intel HD,Windows 10,1.28,251836,1,0,166
849,HP,Ultrabook,Intel Core i7,8,Intel HD,Windows 10,1.54,162360,0,0,157
850,HP,Notebook,Other Intel Processor,4,Intel HD,No OS,1.86,33069,0,0,100
851,Asus,Gaming,Intel Core i7,16,Nvidia GeForce,Windows 10,2.1,210029,0,0,141
852,Dell,Notebook,Intel Core i7,8,AMD Radeon,Other Os_system,2.83,95669,0,0,127
853,Lenovo,Ultrabook,Intel Core i7,8,Nvidia GeForce,Windows 10,1.96,210471,0,1,157
854,Asus,Notebook,Intel Core i7,8,Nvidia GeForce,Windows 10,2.3,87042,0,1,141
855,Dell,Notebook,Intel Core i5,8,Intel HD,Windows 10,1.9,104517,0,0,141
856,Asus,Notebook,Other Intel Processor,4,Intel HD,Windows 10,2,49659,0,0,100
857,HP,2 in 1 Convertible,Intel Core i7,8,Intel HD,Windows 10,1.28,283025,1,0,166
858,Dell,Notebook,Intel Core i5,8,Intel HD,Windows 10,1.62,71779,1,0,166
859,Lenovo,Notebook,Intel Core i3,4,Intel HD,No OS,2.2,51871,0,0,141
860,Lenovo,Notebook,Intel Core i5,8,Intel HD,Windows 10,2.3,94010,0,1,141
861,HP,Notebook,Intel Core i5,8,AMD Radeon,Windows 10,1.84,149199,0,0,141
862,Toshiba,Notebook,Intel Core i5,4,Intel HD,Windows 10,1.05,142121,0,0,166
863,Lenovo,Gaming,Intel Core i5,8,Nvidia GeForce,No OS,2.5,112480,0,1,141
864,Dell,Ultrabook,Intel Core i7,16,Intel Iris,Windows 10,1.29,247744,1,0,276
865,HP,Notebook,Intel Core i5,4,Intel HD,Windows 10,2.07,100646,0,0,141
866,Toshiba,Ultrabook,Intel Core i5,8,Intel HD,Windows 10,1.2,121107,0,0,118
867,Lenovo,2 in 1 Convertible,Intel Core i7,8,Intel HD,Windows 10,1.37,215670,1,1,166
868,Acer,Notebook,Intel Core i5,8,Intel HD,Windows 10,1.56,99761,0,1,157
869,Dell,Workstation,Intel Core i7,8,Nvidia Quadro,Windows 10,2.23,196646,0,0,141
870,Lenovo,Notebook,Intel Core i5,4,Intel HD,Windows 10,2.38,116683,0,0,100
871,Lenovo,Notebook,Intel Core i3,4,AMD Radeon,No OS,2.2,52977,0,0,141
872,Toshiba,Notebook,Intel Core i7,8,Intel HD,Windows 10,2.0,153512,0,1,141
873,Lenovo,Notebook,Intel Core i3,4,Intel HD,Windows 10,1.44,81291,0,1,166
874,Samsung,Ultrabook,Intel Core i7,16,Nvidia GeForce,Windows 10,1.23,204499,0,0,147
875,Dell,Ultrabook,Intel Core i7,8,Intel HD,Windows 10,1.6,186914,0,0,176
876,Asus,Notebook,Other Intel Processor,4,Intel HD,Other Os_system,2,44018,0,0,100
877,Xiaomi,Ultrabook,Intel Core i5,8,Nvidia GeForce,Windows 10,1.28,103411,0,1,166
878,Dell,Notebook,Intel Core i5,4,Nvidia GeForce,Windows 10,2.18,100867,0,0,141
879,HP,Notebook,Intel Core i5,4,Intel HD,Windows 10,2.04,92793,0,0,141
880,HP,2 in 1 Convertible,Intel Core i5,4,Intel HD,Windows 10,1.28,188020,1,0,166
881,HP,2 in 1 Convertible,Intel Core i5,4,Intel HD,Windows 10,2.3,75650,1,0,100
882,Asus,Notebook,Other Intel Processor,4,Intel HD,Windows 10,1.65,38488,0,0,111
883,Lenovo,Notebook,Intel Core i7,8,Nvidia GeForce,Windows 10,2.2,73991,0,1,141
884,Dell,Notebook,Other Intel Processor,4,Intel HD,Windows 10,2.2,40811,0,0,100
885,HP,2 in 1 Convertible,Intel Core i5,4,Intel HD,Windows 10,1.28,198969,1,0,166
886,Dell,Notebook,Intel Core i3,4,AMD Radeon,Other Os_system,2.18,50323,0,0,100
887,Asus,Gaming,Intel Core i5,12,Nvidia GeForce,Windows 10,2.2,151411,0,0,127
888,Acer,Netbook,Other Intel Processor,4,Intel HD,Other Os_system,1.25,32848,0,1,135
889,Lenovo,Notebook,AMD-A-Series,4,AMD Radeon,Windows 10,2.8,41917,0,0,106
890,HP,Notebook,Intel Core i5,4,Intel HD,Windows 10,1.95,139909,0,0,157
891,HP,2 in 1 Convertible,Intel Core i7,16,Intel HD,Windows 10,1.42,154729,1,0,276
892,Samsung,Ultrabook,Intel Core i7,8,Intel HD,Windows 10,1.17,187909,0,0,147
893,Lenovo,Ultrabook,Intel Core i5,8,Intel HD,Windows 10,1.32,198969,0,1,157
894,MSI,Gaming,Intel Core i7,16,Nvidia GeForce,Windows 10,2.43,292979,0,1,255
895,Toshiba,Notebook,Intel Core i5,8,Intel HD,Windows 10,1.05,163135,0,0,166
896,Dell,Gaming,Intel Core i7,8,Nvidia GeForce,Other Os_system,2.62,102747,0,0,141
897,HP,Notebook,Intel Core i7,8,Nvidia GeForce,Windows 10,2.04,99540,0,0,141
898,Dell,Notebook,Intel Core i3,4,AMD Radeon,Windows 10,2.18,67908,0,0,100
899,Dell,Notebook,Intel Core i5,8,Intel HD,Windows 10,1.9,103411,0,0,141
900,Dell,2 in 1 Convertible,Intel Core i7,8,Intel HD,Windows 10,1.24,222637,1,0,276
901,Asus,Gaming,Intel Core i7,32,Nvidia GeForce,Windows 10,3.58,141457,0,1,127
902,Dell,2 in 1 Convertible,Intel Core i7,16,Intel HD,Windows 10,1.22,182379,1,0,166
903,Lenovo,Ultrabook,Intel Core i7,8,Intel HD,Windows 10,1.13,226619,0,1,157
904,Lenovo,Notebook,Intel Core i5,8,Intel HD,Windows 10,1.95,216997,0,1,141
905,LG,Ultrabook,Intel Core i7,16,Intel HD,Windows 10,1.08,232149,1,1,141
906,HP,Netbook,Intel Core i7,8,Intel HD,Windows 10,1.26,164019,0,0,176
907,Acer,Notebook,Other Intel Processor,4,Intel HD,Other Os_system,2.20,39705,0,1,141
908,Lenovo,Notebook,Intel Core i5,8,Nvidia GeForce,Windows 10,2.6,87263,0,1,141
909,LG,Ultrabook,Intel Core i7,8,Intel HD,Windows 10,0.98,210029,1,1,157
910,Dell,Notebook,Intel Core i5,8,Intel HD,Windows 10,1.6,133273,0,0,157
911,HP,Ultrabook,Other Intel Processor,8,Intel HD,Windows 10,1.09,342860,1,0,352
912,Lenovo,Notebook,Intel Core i7,6,Nvidia GeForce,Windows 10,2.2,87263,0,0,141
913,HP,Notebook,Intel Core i7,8,Nvidia GeForce,Windows 10,2.04,112590,0,0,141
914,Acer,Notebook,Intel Core i3,4,Intel HD,Windows 10,2.4,55189,0,0,141
915,Lenovo,Notebook,Intel Core i5,4,Intel HD,Windows 10,1.44,97438,0,0,166
916,HP,Notebook,Intel Core i5,8,Intel HD,Windows 10,1.49,106176,0,0,166
917,MSI,Gaming,Intel Core i7,16,Nvidia GeForce,Windows 10,2.7,176849,0,0,127
918,Dell,Gaming,Intel Core i7,16,Nvidia GeForce,Windows 10,2.6,149199,0,0,141
919,MSI,Gaming,Intel Core i5,8,Nvidia GeForce,Windows 10,2.2,123761,0,0,141
920,Dell,Notebook,Intel Core i5,4,AMD Radeon,Windows 10,2.18,75650,0,0,100
921,HP,Ultrabook,Intel Core i7,8,AMD Radeon,Windows 10,1.84,143337,0,0,141
922,HP,Ultrabook,Intel Core i7,8,Intel HD,Windows 10,1.39,127079,1,0,276
923,Toshiba,Notebook,Intel Core i7,16,Nvidia GeForce,Windows 10,2.4,218435,0,1,141
924,Lenovo,2 in 1 Convertible,Intel Core i5,8,Intel HD,Windows 10,1.37,201845,1,1,166
925,Dell,Notebook,Intel Core i5,4,Intel HD,Windows 10,1.95,80627,0,0,100
926,Lenovo,Ultrabook,Intel Core i7,8,Intel HD,Windows 10,1.36,182490,0,1,176
927,HP,Notebook,Intel Core i5,8,Intel HD,Windows 10,2.31,128849,0,0,141
928,Dell,Notebook,Intel Core i5,4,Intel HD,Windows 10,2.18,78304,0,0,100
929,HP,Notebook,Intel Core i5,4,Intel HD,Windows 10,1.95,127079,0,0,112
930,Lenovo,Notebook,Other Intel Processor,4,Intel HD,Windows 10,2.2,34175,0,0,100
931,HP,Ultrabook,Intel Core i5,4,Intel HD,Windows 10,1.26,174637,0,0,176
932,HP,Notebook,Other Intel Processor,4,Intel HD,No OS,1.86,31852,0,0,100
933,Lenovo,2 in 1 Convertible,Intel Core i7,16,Intel Iris,Windows 10,1.3,198969,1,1,276
934,Toshiba,Notebook,Intel Core i5,4,Intel HD,Windows 10,1.47,122213,0,1,157
935,HP,Netbook,Intel Core i5,8,Intel HD,Windows 10,1.26,184591,0,0,176
936,Dell,Notebook,Intel Core i3,4,Intel HD,Windows 10,2.18,61714,0,0,100
937,MSI,Gaming,Intel Core i7,8,Nvidia GeForce,Windows 10,2.2,132609,0,0,141
938,Dell,Ultrabook,Intel Core i5,8,Intel HD,Windows 10,1.36,181273,0,0,157
939,Dell,Gaming,Intel Core i7,16,Nvidia GeForce,Windows 10,4.36,305034,0,0,170
940,HP,Gaming,Intel Core i5,8,Nvidia GeForce,Windows 10,2.75,154729,0,1,127
941,Asus,Notebook,Other Intel Processor,4,Nvidia GeForce,Windows 10,2.8,58618,0,0,106
942,Acer,Notebook,Intel Core i5,4,Intel HD,Windows 10,2.23,68461,0,0,100
943,Toshiba,Notebook,Intel Core i5,8,Intel HD,Windows 10,2.2,123761,0,0,100
944,Lenovo,2 in 1 Convertible,Other Intel Processor,8,Intel HD,Windows 10,1.1,143669,1,1,195
945,Lenovo,Gaming,AMD-F-Series,16,AMD Radeon,Windows 10,2.5,110489,0,1,141
946,Dell,Ultrabook,Intel Core i5,8,Intel HD,Windows 10,1.36,162803,1,0,176
947,Lenovo,Notebook,Intel Core i7,8,Nvidia GeForce,No OS,2.2,75761,0,0,141
948,Dell,Notebook,Intel Core i3,4,AMD Radeon,Windows 10,2.36,72885,0,0,106
949,Acer,Notebook,Other Intel Processor,4,Intel HD,Other Os_system,1.68,38599,0,0,112
950,HP,Workstation,Intel Core i7,8,Nvidia Quadro,Windows 10,2.0,248739,0,1,141
951,Dell,Ultrabook,Intel Core i7,8,Intel HD,Windows 10,1.36,196315,0,0,157
952,Toshiba,Notebook,Intel Core i5,8,Intel HD,Windows 7,1.2,161476,0,0,166
953,Asus,2 in 1 Convertible,Other Intel Processor,8,Intel HD,Other Os_system,1.2,128185,0,0,176
954,Lenovo,Ultrabook,Intel Core i7,8,Intel HD,Windows 10,1.7,164572,0,1,157
955,Dell,Gaming,Intel Core i7,16,Nvidia GeForce,Windows 10,4.36,348832,0,1,255
956,Dell,2 in 1 Convertible,Intel Core i5,8,Intel HD,Windows 10,1.24,210029,1,0,166
957,HP,2 in 1 Convertible,Other Intel Processor,4,Intel HD,Windows 10,1.45,85715,1,0,135
958,Dell,Ultrabook,Intel Core i7,8,Intel HD,Windows 10,1.3,140240,0,0,276
959,Acer,2 in 1 Convertible,Other Intel Processor,4,Intel HD,Other Os_system,1.25,43023,1,1,135
960,Toshiba,Notebook,Intel Core i5,8,Intel HD,Windows 10,1.2,169771,0,0,166
961,Lenovo,Ultrabook,Intel Core i5,8,Intel HD,Windows 10,1.36,194656,0,1,176
962,Acer,Notebook,Intel Core i5,12,Nvidia GeForce,Windows 10,2.4,111595,0,0,141
963,Toshiba,Ultrabook,Intel Core i7,8,Intel HD,Windows 10,1.1,197974,1,0,176
964,HP,Notebook,Intel Core i5,8,Nvidia GeForce,Windows 10,2.04,93567,0,0,100
965,Dell,Notebook,Intel Core i3,4,AMD Radeon,Other Os_system,2.25,51429,0,0,100
966,Dell,Notebook,Intel Core i5,4,Intel HD,Windows 10,1.9,91245,0,0,100
967,HP,Notebook,Intel Core i3,4,Intel HD,Windows 10,2.04,75761,0,0,141
968,Dell,Gaming,Intel Core i7,32,Nvidia GeForce,Windows 10,4.42,348279,0,1,127
969,Lenovo,Notebook,Intel Core i5,6,Nvidia GeForce,Windows 10,2.4,76867,0,0,141
970,Dell,2 in 1 Convertible,Intel Core i7,16,Intel HD,Windows 10,1.22,210029,1,0,276
971,Dell,Ultrabook,Intel Core i7,8,Intel HD,Windows 10,1.5,216997,1,0,210
972,Dell,Gaming,Intel Core i7,32,Nvidia GeForce,Windows 10,4.42,309680,0,0,127
973,Toshiba,Notebook,Intel Core i5,8,Intel HD,Windows 10,1.95,130508,0,0,157
974,Asus,Gaming,Intel Core i7,16,Nvidia GeForce,Windows 10,2.73,226619,0,0,127
975,HP,Notebook,Intel Core i5,8,Nvidia GeForce,Windows 10,2.04,108277,0,1,141
976,Lenovo,Notebook,Intel Core i5,4,Intel HD,Windows 7,1.70,110821,0,0,112
977,Asus,2 in 1 Convertible,Intel Core i7,16,Nvidia GeForce,Windows 10,2.3,198969,1,0,282
978,HP,Notebook,Intel Core i7,6,Intel HD,Windows 10,2.04,64037,0,0,100
979,Asus,Gaming,Intel Core i7,16,Nvidia GeForce,Windows 10,2.99,193439,0,0,127
980,Dell,2 in 1 Convertible,Intel Core i7,12,Intel HD,Windows 10,2.19,143669,1,1,141
981,Toshiba,Notebook,Intel Core i5,4,Intel HD,Windows 7,1.2,132167,0,0,166
982,Lenovo,Notebook,AMD-A-Series,6,AMD Radeon,Windows 10,2.2,60719,0,0,141
983,Fujitsu,Notebook,Intel Core i5,4,Intel HD,Windows 10,2.3,71779,0,0,100
984,Toshiba,Notebook,Intel Core i5,4,Intel HD,Windows 10,1.75,101199,0,0,112
985,Dell,Notebook,Intel Core i5,4,AMD Radeon,Windows 10,2.25,66249,0,0,100
986,HP,Notebook,Intel Core i5,8,Intel HD,Windows 10,2.04,89143,0,0,141
987,Lenovo,Gaming,Intel Core i7,8,Nvidia GeForce,Windows 10,2.5,131503,0,1,141
988,Dell,Notebook,Intel Core i7,8,AMD Radeon,Windows 10,2.36,82839,0,0,100
989,Dell,Notebook,Intel Core i5,8,Intel HD,Windows 10,1.6,123761,0,0,157
990,HP,Netbook,Other Intel Processor,8,Intel HD,Windows 10,0.97,211024,0,0,176
991,HP,Notebook,Intel Core i3,4,AMD Radeon,Windows 10,2.1,55189,0,0,141
992,Lenovo,Notebook,Other Intel Processor,4,Intel HD,No OS,1.9,29862,0,0,100
993,Lenovo,Notebook,Intel Core i5,8,Intel HD,Windows 10,2.3,149199,0,0,141
994,Dell,2 in 1 Convertible,Intel Core i5,8,Intel HD,Windows 10,1.68,98323,1,0,166
995,Asus,Notebook,Intel Core i5,8,Intel HD,Windows 10,1.4,127190,0,0,276
996,HP,Ultrabook,Intel Core i7,8,Intel HD,Windows 10,1.11,149199,1,1,166
997,Acer,Notebook,Other Intel Processor,4,Intel HD,Windows 10,2.4,42028,0,0,100
998,Asus,Gaming,Intel Core i7,16,Nvidia GeForce,Windows 10,2.5,198969,0,0,141
999,HP,Ultrabook,Intel Core i7,8,Intel HD,Windows 10,1.48,231043,0,0,157
1000,Acer,Gaming,Intel Core i7,8,Nvidia GeForce,Windows 10,2.7,139356,0,1,141
1001,HP,Notebook,Intel Core i5,8,Intel HD,Windows 10,1.34,131503,0,1,166
1002,Dell,Notebook,Intel Core i3,4,Intel HD,Windows 10,2.18,60498,0,0,100
1003,HP,Notebook,Intel Core i5,4,Intel HD,Windows 10,1.64,86157,0,0,112
1004,Toshiba,Notebook,Intel Core i5,4,Intel HD,Windows 10,1.2,132167,0,0,166
1005,HP,Notebook,Intel Core i5,4,Intel HD,Windows 10,1.48,121549,0,0,112
1006,HP,Notebook,Intel Core i5,4,Intel HD,Windows 10,1.95,133273,0,0,157
1007,HP,Ultrabook,Intel Core i7,8,Intel HD,Windows 7,1.43,160259,0,0,157
1008,HP,Notebook,Intel Core i5,8,Nvidia GeForce,Windows 10,1.64,116019,0,0,157
1009,HP,Notebook,Intel Core i3,4,Intel HD,Windows 10,1.64,75650,0,0,112
1010,Dell,Gaming,Intel Core i5,8,Nvidia GeForce,Windows 10,2.65,104959,0,0,141
1011,HP,Ultrabook,Intel Core i5,4,Intel HD,Windows 10,1.26,170213,0,0,176
1012,HP,Notebook,Intel Core i5,4,Intel HD,Windows 10,1.48,175854,0,0,157
1013,HP,Ultrabook,Intel Core i7,8,Intel HD,Windows 10,1.54,208702,0,0,157
1014,HP,Notebook,Intel Core i3,4,Intel HD,Windows 10,1.49,88480,0,0,118
1015,Toshiba,Notebook,Intel Core i5,8,Intel HD,Windows 10,1.5,133826,0,0,118
1016,HP,Notebook,Intel Core i3,4,Intel HD,Windows 10,2.04,85051,0,0,100
1017,Lenovo,Notebook,Intel Core i7,16,Nvidia Quadro,Windows 7,2.4,328260,0,1,255
1018,Toshiba,Notebook,Intel Core i5,8,Intel HD,Windows 10,1.47,164794,0,1,157
1019,HP,Notebook,Intel Core i7,8,Intel HD,Windows 10,1.43,246527,0,0,157
1020,Dell,2 in 1 Convertible,Intel Core i3,4,Intel HD,Windows 10,2.08,87927,1,1,141
1021,Toshiba,Ultrabook,Intel Core i5,8,Intel HD,Windows 10,1.2,175854,0,0,166
1022,HP,Notebook,Intel Core i5,8,Intel HD,Windows 10,1.11,127079,0,1,166
1023,HP,Notebook,Intel Core i7,8,Nvidia GeForce,Windows 10,1.64,131061,0,0,157
1024,Dell,Notebook,Intel Core i5,8,Intel HD,Windows 10,2.09,115687,0,0,141
1025,HP,Ultrabook,Intel Core i5,4,Intel HD,Windows 10,1.26,172425,0,0,125
1026,HP,Notebook,Intel Core i5,4,Intel HD,Windows 10,2.31,131503,0,0,112
1027,HP,Notebook,Intel Core i5,4,Intel HD,Windows 10,1.95,117236,0,0,112
1028,Dell,Ultrabook,Intel Core i5,8,Intel HD,Windows 10,1.29,179614,1,0,276
1029,HP,Notebook,Intel Core i5,8,Nvidia GeForce,Windows 10,2.63,119448,0,0,127
1030,HP,Notebook,Intel Core i5,4,Intel HD,Windows 10,1.64,107613,0,0,112
1031,Acer,Notebook,AMD-A-Series,6,AMD Radeon,Windows 10,2.1,45235,0,0,100
1032,MSI,Gaming,Intel Core i7,8,Nvidia GeForce,Windows 10,2.7,131724,0,0,127
1033,HP,Notebook,Intel Core i5,8,Intel HD,Windows 7,1.95,132167,0,0,157
1034,HP,Notebook,Intel Core i7,8,Intel HD,Windows 10,1.84,135816,0,0,141
1035,HP,Ultrabook,Intel Core i7,8,Intel HD,Windows 10,1.26,149199,0,0,176
1036,HP,Notebook,Intel Core i5,4,Intel HD,Windows 10,2.04,82065,0,0,100
1037,Toshiba,Ultrabook,Intel Core i7,8,Intel HD,Windows 10,1.47,190785,0,1,157
1038,Dell,Notebook,Intel Core i5,8,Intel HD,Windows 7,2.09,117457,0,0,141
1039,HP,Notebook,Intel Core i5,8,Intel HD,Windows 10,1.64,111706,0,0,157
1040,Lenovo,2 in 1 Convertible,Intel Core i7,4,Intel HD,Windows 10,1.8,93678,1,1,141
1041,Vero,Notebook,Other Intel Processor,2,Intel HD,Windows 10,1.45,23226,0,0,112
1042,Toshiba,Notebook,Intel Core i7,16,Nvidia GeForce,Windows 10,2.4,157605,0,1,141
1043,Lenovo,Notebook,Intel Core i5,8,Intel HD,Windows 10,2.3,116019,0,0,141
1044,HP,Notebook,Intel Core i5,4,Intel HD,Windows 10,1.54,110600,0,0,157
1045,HP,Notebook,Intel Core i5,8,Intel HD,Windows 10,1.84,232591,0,0,141
1046,HP,Notebook,Intel Core i5,8,Intel HD,Windows 7,1.43,162471,0,0,157
1047,MSI,Gaming,Intel Core i7,16,Nvidia GeForce,Windows 10,3.78,170877,0,1,127
1048,Lenovo,Gaming,Intel Core i7,16,Nvidia GeForce,Windows 10,4.6,253163,0,1,127
1049,Asus,Netbook,Other Intel Processor,4,Intel HD,Other Os_system,1.2,31742,0,0,135
1050,Lenovo,Notebook,Intel Core i7,16,Intel HD,Windows 7,1.1,289772,0,1,210
1051,HP,Notebook,Intel Core i7,8,Nvidia GeForce,Windows 10,1.91,108277,0,1,141
1052,Dell,2 in 1 Convertible,Intel Core i5,8,Intel HD,Windows 10,2.3,120996,1,1,141
1053,HP,Notebook,Intel Core i5,4,Intel HD,Windows 10,2.04,108277,0,0,100
1054,Dell,Ultrabook,Intel Core i7,16,Intel HD,Windows 10,1.2,249292,1,0,276
1055,HP,Notebook,Intel Core i3,4,Intel HD,Windows 10,2.31,77973,0,0,100
1056,HP,Notebook,Intel Core i5,4,Intel HD,No OS,1.96,55189,0,0,100
1057,Acer,Notebook,AMD-A-Series,8,AMD Radeon,Windows 10,2.4,49659,0,0,100
1058,Dell,2 in 1 Convertible,Intel Core i7,12,Intel HD,Windows 10,1.6,143669,1,1,166
1059,MSI,Gaming,Intel Core i7,16,Nvidia GeForce,Windows 10,2.94,201181,0,0,141
1060,HP,Notebook,Intel Core i7,8,Intel HD,Windows 10,2.04,118342,0,0,141
1061,Asus,Gaming,Intel Core i7,16,Nvidia GeForce,No OS,4,110378,0,1,127
1062,Dell,Notebook,Intel Core i5,4,Intel HD,Windows 10,2.25,61825,0,0,141
1063,Dell,Notebook,Intel Core i7,16,AMD Radeon,Windows 10,2.32,109383,0,0,141
1064,MSI,Gaming,Intel Core i7,16,Nvidia GeForce,Windows 10,1.8,213347,0,0,141
1065,Dell,Ultrabook,Intel Core i7,8,Intel HD,Windows 10,1.29,161254,0,0,166
1066,Asus,Gaming,Intel Core i7,64,Nvidia GeForce,Windows 10,3.58,439635,0,1,127
1067,Dell,2 in 1 Convertible,Intel Core i7,8,Intel HD,Windows 10,1.62,88258,1,0,166
1068,Dell,Gaming,Intel Core i7,16,Nvidia GeForce,Windows 10,3.21,146987,0,0,282
1069,Apple,Ultrabook,Other Intel Processor,8,Intel HD, Mac OS,0.920,143780,0,1,226
1070,Dell,Notebook,Intel Core i3,4,Intel HD,Windows 10,2.06,53198,0,0,100
1071,HP,Notebook,Intel Core i5,4,Intel HD,Windows 10,2.31,132609,0,0,100
1072,HP,Ultrabook,Intel Core i5,8,Intel HD,Windows 7,1.26,132609,0,0,176
1073,HP,Notebook,Intel Core i7,8,Intel HD,Windows 10,1.49,120554,0,0,166
1074,Lenovo,Ultrabook,Intel Core i7,8,Intel HD,Windows 10,1.3,189457,1,1,176
1075,Lenovo,Notebook,Intel Core i5,8,AMD Radeon,Windows 10,3.0,72885,0,0,106
1076,Lenovo,Notebook,Intel Core i5,4,Nvidia GeForce,Windows 10,2.3,108056,0,1,141
1077,MSI,Gaming,Intel Core i7,16,Nvidia GeForce,Windows 10,3.78,276389,0,0,127
1078,Lenovo,Notebook,Intel Core i5,4,Intel HD,Windows 10,2.1,59724,0,0,100
1079,HP,Notebook,Intel Core i5,4,Intel HD,Windows 7,2.31,103964,0,0,141
1080,Lenovo,Ultrabook,Other Intel Processor,8,Intel HD,Windows 10,0.99,154729,1,1,235
1081,Lenovo,Gaming,Intel Core i7,32,Nvidia GeForce,Windows 10,4.6,358344,0,1,127
1082,Lenovo,2 in 1 Convertible,Other Intel Processor,4,Intel HD,Windows 10,0.69,71447,1,1,224
1083,HP,Ultrabook,Intel Core i7,16,Intel HD,Windows 10,1.3,226619,0,1,331
1084,Dell,Notebook,Intel Core i5,8,Intel HD,Windows 10,2.18,82950,0,0,141
1085,HP,Notebook,Intel Core i5,4,Intel HD,Windows 7,1.54,113918,0,0,157
1086,HP,Workstation,Intel Core i7,8,AMD FirePro,Windows 7,1.9,165347,0,0,141
1087,Lenovo,Notebook,Intel Core i5,8,Intel HD,Windows 7,1.7,132609,0,0,157
1088,HP,Notebook,Other Intel Processor,4,Intel HD,Other Os_system,1.29,68019,0,0,276
1089,Acer,Notebook,AMD-A-Series,4,AMD Radeon,Windows 10,2.4,42802,0,0,100
1090,Dell,Notebook,Other Intel Processor,4,Intel HD,Other Os_system,2.2,43465,0,0,100
1091,HP,Notebook,Intel Core i3,4,Intel HD,No OS,1.86,38157,0,0,100
1092,Asus,Gaming,Intel Core i7,8,Nvidia GeForce,Windows 10,2.7,176849,0,1,127
1093,Dell,Ultrabook,Intel Core i5,4,AMD Radeon,Windows 10,1.4,90470,0,1,166
1094,HP,Netbook,Intel Core i5,4,Intel HD,Windows 7,2.4,176849,0,0,125
1095,Acer,Notebook,Intel Core i5,8,Nvidia GeForce,Windows 10,2.4,88369,0,0,141
1096,Dell,Notebook,Intel Core i5,8,AMD Radeon,Windows 10,2.36,70562,0,0,141
1097,MSI,Gaming,Intel Core i7,8,Nvidia GeForce,Windows 10,2.6,176849,0,0,127
1098,HP,Notebook,Other Intel Processor,4,Intel HD,Windows 10,1.96,55300,0,0,100
1099,Asus,Gaming,Intel Core i7,16,Nvidia GeForce,Windows 10,4.3,254269,0,1,127
1100,Dell,Ultrabook,Intel Core i3,4,Intel HD,Windows 7,1.5,125531,0,0,125
1101,Dell,Ultrabook,Intel Core i3,4,Intel HD,Windows 7,1.5,128959,0,0,125
1102,Acer,Notebook,Other Intel Processor,4,Intel HD,Other Os_system,2.20,23115,0,0,100
1103,HP,Workstation,Intel Core i7,8,AMD FirePro,Windows 7,3.0,320629,0,1,127
1104,Lenovo,Gaming,Intel Core i7,16,Nvidia GeForce,Windows 10,2.4,132609,0,0,141
1105,Dell,Ultrabook,Intel Core i5,8,Intel HD,Windows 7,1.5,156277,0,0,125
1106,MSI,Gaming,Intel Core i7,8,Nvidia GeForce,Windows 10,2.9,167116,0,0,127
1107,Lenovo,2 in 1 Convertible,Intel Core i5,4,Intel HD,Windows 10,2.1,95890,1,1,141
1108,HP,Notebook,AMD-A-Series,4,AMD Radeon,Windows 10,2.1,44018,0,0,141
1109,Asus,Gaming,Intel Core i7,16,Nvidia GeForce,Windows 10,2.59,148093,0,1,141
1110,HP,Notebook,Other Intel Processor,8,Intel HD,Windows 10,1.16,187909,1,0,276
1111,Dell,Notebook,Intel Core i5,4,AMD Radeon,Windows 7,2.24,85051,0,0,100
1112,Lenovo,Notebook,Intel Core i3,4,Intel HD,Windows 10,2.1,47447,0,0,100
1113,HP,Ultrabook,Intel Core i7,8,Intel HD,Windows 10,1.16,217771,0,0,166
1114,Lenovo,2 in 1 Convertible,Other Intel Processor,4,Intel HD,Other Os_system,0.69,60719,1,1,224
1115,Dell,Ultrabook,Intel Core i7,8,Intel Iris,Windows 10,1.23,152517,0,0,166
1116,Lenovo,Gaming,Intel Core i7,16,Nvidia GeForce,Windows 10,4.6,304039,0,1,127
1117,Razer,Ultrabook,Intel Core i7,8,Intel HD,Windows 10,1.25,113807,1,0,352
1118,Toshiba,Ultrabook,Intel Core i7,16,Intel HD,Windows 10,1.05,246195,0,0,166
1119,Asus,Gaming,Intel Core i7,8,Nvidia GeForce,Windows 10,3.52,145107,0,0,127
1120,Vero,Notebook,Other Intel Processor,4,Intel HD,Windows 10,1.35,21677,0,0,166
1121,HP,Notebook,Intel Core i5,8,Intel HD,Windows 10,1.16,186914,0,0,166
1122,HP,Notebook,Intel Core i5,8,Intel HD,Windows 7,1.43,167337,0,0,157
1123,Dell,Notebook,Intel Core i5,4,Intel HD,Other Os_system,2.09,57843,0,0,100
1124,Asus,Notebook,Intel Core i3,4,Intel HD,Windows 10,2,48111,0,0,100
1125,Lenovo,2 in 1 Convertible,Intel Core i7,8,Intel HD,Windows 10,1.8,184591,1,1,157
1126,Lenovo,2 in 1 Convertible,Other Intel Processor,4,Intel HD,Windows 10,0.69,52977,1,1,224
1127,HP,Ultrabook,Intel Core i5,8,Intel HD,Windows 7,1.26,209587,0,0,125
1128,Lenovo,Gaming,Intel Core i5,8,Nvidia GeForce,No OS,2.4,109383,0,1,141
1129,HP,Gaming,Intel Core i5,8,Nvidia GeForce,Windows 10,3.35,124867,0,1,127
1130,HP,Notebook,Intel Core i7,8,Intel HD,Windows 10,2.04,69567,0,0,100
1131,Lenovo,2 in 1 Convertible,Intel Core i7,8,Nvidia Quadro,Windows 7,1.8,226730,1,1,157
1132,Asus,Notebook,Other Intel Processor,4,Intel HD,Windows 10,1.5,30746,0,0,112
1133,HP,Ultrabook,Intel Core i7,8,Intel HD,Windows 10,1.84,83171,0,0,141
1134,Acer,Notebook,Intel Core i5,4,Nvidia GeForce,Windows 10,2.23,68129,0,0,141
1135,Lenovo,Notebook,Intel Core i7,16,AMD Radeon,Windows 10,2.5,121549,0,0,141
1136,HP,Workstation,Intel Core i7,8,Nvidia Quadro,Windows 7,3,436759,0,1,127
1137,Dell,Notebook,Intel Core i5,8,AMD Radeon,Windows 10,2.5,86710,0,0,100
1138,MSI,Gaming,Intel Core i7,16,Nvidia GeForce,Windows 10,3.78,265329,0,0,127
1139,HP,Ultrabook,Intel Core i7,8,Intel HD,Windows 7,1.88,240112,0,0,141
1140,Lenovo,2 in 1 Convertible,Intel Core i7,16,Intel HD,Windows 10,2.8,269864,1,1,210
1141,MSI,Gaming,Intel Core i7,8,Nvidia GeForce,Windows 10,2.4,126305,0,0,141
1142,HP,2 in 1 Convertible,Intel Core i5,8,Intel HD,Windows 10,1.48,180167,1,0,166
1143,HP,Workstation,Intel Core i7,8,Nvidia Quadro,Windows 7,2.59,246527,0,1,141
1144,HP,2 in 1 Convertible,Intel Core i7,8,Intel HD,Windows 10,1.48,198969,1,0,221
1145,HP,Workstation,Intel Core i7,8,Nvidia Quadro,Windows 7,2.0,210029,0,0,141
1146,HP,Ultrabook,Intel Core i7,8,Intel HD,Windows 7,1.26,253937,0,0,176
1147,Dell,Notebook,Intel Core i7,8,Nvidia GeForce,Windows 10,2.18,111595,0,0,141
1148,HP,Notebook,Intel Core i5,8,Intel HD,Windows 7,1.88,174637,0,0,141
1149,Lenovo,2 in 1 Convertible,Intel Core i7,8,Intel HD,Windows 10,1.27,258693,1,1,210
1150,Lenovo,Notebook,Intel Core i3,4,Intel HD,No OS,1.9,37493,0,0,100
1151,HP,Notebook,AMD-E-Series,4,AMD Radeon,Windows 10,1.86,32848,0,0,100
1152,Lenovo,Notebook,Intel Core i5,8,AMD Radeon,No OS,2.32,66249,0,0,141
1153,Dell,Gaming,Intel Core i7,8,Nvidia GeForce,Windows 10,2.62,132609,0,0,141
1154,Dell,Notebook,Intel Core i5,8,Nvidia GeForce,Windows 10,2.04,248850,1,1,282
1155,HP,Notebook,AMD-A-Series,4,AMD Radeon,Windows 10,1.91,52866,0,0,141
1156,MSI,Gaming,Intel Core i7,16,Nvidia GeForce,Windows 10,2.7,165015,0,0,127
1157,Lenovo,Ultrabook,Intel Core i7,12,Intel HD,Windows 7,1.4,254269,0,0,157
1158,Lenovo,Notebook,Intel Core i5,8,AMD Radeon,Windows 10,2.5,87152,0,0,141
1159,HP,2 in 1 Convertible,Intel Core i7,8,Intel HD,Windows 10,1.48,225734,1,0,221
1160,Lenovo,Ultrabook,Intel Core i7,8,Intel HD,Windows 7,1.7,165789,0,0,157
1161,MSI,Gaming,Intel Core i7,16,Nvidia GeForce,Windows 10,1.7,195651,0,0,157
1162,HP,Gaming,Intel Core i7,8,Nvidia GeForce,Windows 10,2.62,99429,0,1,141
1163,Lenovo,Notebook,Intel Core i3,8,Intel HD,Windows 10,2.2,50765,0,0,100
1164,HP,Notebook,Intel Core i5,4,Intel HD,No OS,2.1,52645,0,0,100
1165,Dell,Gaming,Intel Core i7,8,Nvidia GeForce,Windows 10,2.62,165678,0,0,282
1166,Lenovo,Notebook,Intel Core i5,8,Intel HD,Windows 10,1.95,153734,0,1,141
1167,Lenovo,Notebook,Intel Core i3,4,Nvidia GeForce,Windows 10,2.2,51760,0,0,141
1168,HP,Notebook,Other Intel Processor,2,Intel HD,Windows 10,1.44,27539,0,0,112
1169,MSI,Gaming,Intel Core i7,8,Nvidia GeForce,Windows 10,2.2,92793,0,1,141
1170,HP,Notebook,Intel Core i7,8,Intel HD,Windows 10,1.96,75097,0,0,141
1171,HP,Notebook,Intel Core i7,16,Intel UHD,Windows 10,2.1,128185,0,0,141
1172,Asus,Notebook,Other Intel Processor,4,Intel HD,Windows 10,2.2,40811,0,0,100
1173,Lenovo,Notebook,Intel Core i5,4,Intel HD,No OS,2.1,44018,0,0,100
1174,Lenovo,Notebook,Intel Core i7,8,Nvidia GeForce,No OS,2.2,78415,0,0,141
1175,Asus,Notebook,Intel Core i3,4,Intel HD,Windows 10,2,85051,0,0,157
1176,Lenovo,Notebook,Intel Core i7,4,Intel HD,Windows 7,2.32,91245,0,0,141
1177,Lenovo,Gaming,Intel Core i7,16,Nvidia GeForce,Windows 10,3.31,144333,0,1,141
1178,MSI,Gaming,Intel Core i7,16,Nvidia GeForce,Windows 10,1.91,238121,0,0,141
1179,HP,Notebook,Intel Core i3,4,Intel HD,Windows 10,2.07,71890,0,0,100
1180,Lenovo,2 in 1 Convertible,Intel Core i5,8,Intel HD,Windows 10,1.36,181052,1,1,210
1181,Lenovo,Ultrabook,Intel Core i7,6,Nvidia GeForce,Windows 10,1.54,91908,0,0,141
1182,Dell,Notebook,Intel Core i7,8,Nvidia GeForce,Other Os_system,1.98,98987,0,0,141
1183,Acer,Notebook,Other Intel Processor,4,Intel HD,Windows 10,2.1,36829,0,0,100
1184,HP,Notebook,Intel Core i7,6,Nvidia GeForce,Windows 10,2.18,88369,0,1,141
1185,Asus,Gaming,Intel Core i7,8,Nvidia GeForce,Windows 10,2.591,100535,0,1,141
1186,Dell,2 in 1 Convertible,Intel Core i7,16,Intel HD,Windows 10,2.09,130397,1,0,141
1187,Acer,Notebook,Intel Core i5,4,Nvidia GeForce,Windows 10,2.23,76424,0,0,141
1188,Dell,Ultrabook,Intel Core i5,8,Intel HD,Other Os_system,1.23,121549,1,0,276
1189,Acer,Gaming,Intel Core i7,16,Nvidia GeForce,Windows 10,4.2,287449,0,1,127
1190,Lenovo,Gaming,Intel Core i5,8,Nvidia GeForce,Windows 10,2.4,90581,0,1,141
1191,Samsung,2 in 1 Convertible,AMD-Rysen-Series,4,ARM Mali,Other Os_system,1.15,72885,1,1,235
1192,HP,Notebook,Intel Core i5,4,Intel HD,Windows 10,1.86,53641,0,0,100
1193,Apple,Ultrabook,Other Intel Processor,8,Intel HD, Mac OS,0.920,128627,0,1,226
1194,Dell,2 in 1 Convertible,Intel Core i5,8,Intel HD,Windows 10,1.6,132609,1,1,166
1195,HP,Notebook,Intel Core i7,12,Nvidia GeForce,Windows 10,2.21,146766,0,1,141
1196,Lenovo,Notebook,Intel Core i3,4,AMD Radeon,No OS,1.9,40700,0,0,100
1197,Asus,Gaming,Intel Core i7,16,Nvidia GeForce,Windows 10,4.3,237790,0,1,127
1198,Acer,Notebook,Other Intel Processor,4,Intel HD,Other Os_system,2.1,30083,0,0,100
1199,MSI,Gaming,Intel Core i7,16,Nvidia GeForce,Windows 10,2.43,226508,0,0,127
1200,Dell,Notebook,Intel Core i3,4,AMD Radeon,Windows 10,2.3,55189,0,0,100
1201,Lenovo,Notebook,Intel Core i7,8,Nvidia GeForce,No OS,2.2,69567,0,0,100
1202,Dell,2 in 1 Convertible,Intel Core i7,16,Intel UHD,Windows 10,2,142121,1,0,141
1203,Dell,Ultrabook,Intel Core i7,16,Intel HD,Windows 10,1.2,296408,1,0,276
1204,Asus,Gaming,Intel Core i7,8,Nvidia GeForce,Windows 10,2.2,129291,0,0,141
1205,Dell,Notebook,Intel Core i5,8,AMD Radeon,Windows 10,2.36,98323,0,0,141
1206,HP,Notebook,Intel Core i5,8,Intel HD,Windows 10,1.91,64037,0,0,100
1207,Lenovo,Notebook,AMD-E-Series,4,AMD Radeon,Windows 10,2.2,33069,0,0,100
1208,Acer,Notebook,Intel Core i3,8,Nvidia GeForce,Windows 10,3.3,69567,0,0,106
1209,Asus,Gaming,Intel Core i7,16,Nvidia GeForce,Windows 10,2.2,270859,0,0,141
1210,Apple,Ultrabook,Other Intel Processor,8,Intel HD, Mac OS,0.920,141457,0,1,226
1211,Asus,Notebook,Intel Core i7,16,Nvidia GeForce,Windows 10,2.2,193439,0,0,141
1212,MSI,Gaming,Intel Core i7,16,Nvidia GeForce,Windows 10,2.43,215448,0,1,127
1213,Dell,2 in 1 Convertible,Intel Core i5,8,Intel HD,Windows 10,2.191,110489,1,1,141
1214,Asus,Gaming,Intel Core i7,16,Nvidia GeForce,Windows 10,2.9,215559,0,0,127
1215,Acer,Netbook,Other Intel Processor,2,Intel HD,Other Os_system,1.3,19244,0,0,135
1216,Acer,Notebook,Intel Core i3,4,Nvidia GeForce,Windows 10,3.3,66138,0,0,106
1217,Lenovo,Notebook,Intel Core i5,8,Intel HD,No OS,2.8,59613,0,0,106
1218,Lenovo,Gaming,Intel Core i7,8,Nvidia GeForce,Windows 10,2.6,140683,0,1,141
1219,Acer,2 in 1 Convertible,Intel Core i7,8,Intel HD,Windows 10,1.2,127079,1,1,157
1220,Lenovo,Notebook,Intel Core i7,8,Intel HD,Windows 10,2.3,169107,0,1,141
1221,MSI,Gaming,Intel Core i7,8,Nvidia GeForce,Windows 10,2.2,163245,0,0,141
1222,HP,Notebook,AMD-A-Series,6,AMD Radeon,Windows 10,2.1,58507,0,0,141
1223,Dell,Ultrabook,Intel Core i5,8,Intel HD,Windows 7,1.26,189457,1,0,176
1224,Dell,2 in 1 Convertible,Intel Core i3,4,Intel HD,Windows 10,2.08,56295,1,0,147
1225,Asus,Notebook,Other Intel Processor,4,Intel HD,Windows 10,2.65,34175,0,0,100
1226,Dell,Ultrabook,Intel Core i7,8,Intel HD,Windows 10,1.29,163356,1,0,276
1227,Dell,Notebook,Intel Core i5,4,Intel HD,Other Os_system,2.18,57622,0,0,100
1228,Lenovo,Gaming,Intel Core i7,16,Nvidia GeForce,Windows 10,2.6,113807,1,1,141
1229,MSI,Gaming,Intel Core i7,8,Nvidia GeForce,Windows 10,2.2,127079,0,0,141
1230,Lenovo,Netbook,Intel Core i7,16,Intel HD,Windows 10,1.3,182490,1,1,176
1231,Razer,Gaming,Intel Core i7,16,Nvidia GeForce,Windows 10,1.95,386989,0,0,157
1232,Dell,Notebook,Intel Core i3,8,Intel HD,Windows 10,2.3,51871,1,0,100
1233,MSI,Gaming,Intel Core i7,16,Nvidia GeForce,Windows 10,2.7,176738,0,0,127
1234,Apple,Ultrabook,Intel Core i5,4,Intel HD, Mac OS,1.08,106065,0,0,135
1235,HP,Notebook,Intel Core i3,4,Intel HD,Windows 10,2.1,52866,0,0,141
1236,HP,Ultrabook,Intel Core i7,8,Intel HD,Windows 7,1.54,243098,0,0,210
1237,Dell,Notebook,Intel Core i5,4,Intel HD,Windows 7,2.24,81512,0,0,100
1238,MSI,Gaming,Intel Core i7,8,Nvidia GeForce,Windows 10,2.3,129291,0,0,141
1239,Lenovo,Notebook,Intel Core i7,16,Intel HD,Windows 10,1.4,165789,0,1,166
1240,Lenovo,Notebook,AMD-A-Series,6,AMD Radeon,Windows 10,2.2,66028,0,0,141
1241,Asus,Ultrabook,Intel Core i7,8,Intel HD,Windows 10,1.45,141568,0,0,166
1242,Acer,Notebook,Intel Core i3,4,Intel HD,Other Os_system,2.4,39926,0,0,100
1243,Dell,2 in 1 Convertible,Intel Core i7,16,Nvidia GeForce,Windows 10,2.77,198969,1,0,127
1244,HP,Notebook,Intel Core i5,4,Intel HD,Windows 7,1.54,121549,0,0,157
1245,Asus,Gaming,Intel Core i7,16,Nvidia GeForce,Windows 10,2.5,176960,0,1,141
1246,Dell,Notebook,Intel Core i5,4,Intel HD,Windows 10,1.6,96775,0,0,112
1247,Asus,Gaming,Intel Core i7,16,Nvidia GeForce,Windows 10,2.34,257145,0,1,141
1248,Lenovo,Notebook,Intel Core i5,8,Intel HD,No OS,2.3,63373,0,1,141
1249,Dell,2 in 1 Convertible,Intel Core i5,8,Intel HD,Windows 10,1.24,200517,1,0,276
1250,Dell,Notebook,Other Intel Processor,4,Intel HD,Other Os_system,2.2,35834,0,0,100
1251,HP,Notebook,AMD-A-Series,4,AMD Radeon,Windows 10,1.86,44129,0,0,100
1252,Lenovo,Notebook,Intel Core i3,6,Nvidia GeForce,Windows 10,2.4,62931,0,0,141
1253,Lenovo,Notebook,Intel Core i5,8,Intel HD,Windows 10,1.9,118563,0,1,157
1254,Dell,Notebook,Other Intel Processor,4,Intel HD,Windows 10,2.2,48995,0,0,100
1255,Asus,Notebook,Other Intel Processor,4,Intel HD,Windows 10,2,37493,0,0,100
1256,Asus,Gaming,Intel Core i7,16,Nvidia GeForce,Windows 10,4.0,210140,0,1,127
1257,Dell,Notebook,Intel Core i3,4,Intel HD,Windows 10,2.29,54194,0,0,100
1258,Lenovo,Notebook,Intel Core i7,8,AMD Radeon,Windows 7,2.32,98987,0,0,141
1259,MSI,Gaming,Intel Core i7,8,Nvidia GeForce,Windows 10,2.4,135927,0,0,141
1260,Lenovo,2 in 1 Convertible,Intel Core i5,4,Intel HD,Windows 10,1.8,92129,1,0,157
1261,Asus,Ultrabook,Other Intel Processor,8,Intel HD,Windows 10,1.2,80627,0,1,166
1262,Dell,Notebook,Intel Core i3,6,Intel HD,Windows 10,2.3,50765,0,0,100
1263,Acer,Notebook,Other Intel Processor,4,Intel HD,Other Os_system,2.4,31963,0,0,100
1264,Dell,Notebook,Other Intel Processor,2,Intel HD,Windows 10,2.20,41917,0,0,100
1265,Lenovo,Notebook,Intel Core i7,8,Nvidia GeForce,Windows 10,2.6,99429,0,1,141
1266,HP,Notebook,AMD-A-Series,6,AMD Radeon,Windows 10,2.04,60719,0,0,141
1267,Dell,Notebook,Intel Core i7,8,AMD Radeon,Other Os_system,2.3,89033,0,0,100
1268,HP,Netbook,Other Intel Processor,2,Intel HD,Windows 10,1.17,23115,0,0,135
1269,Asus,Notebook,Intel Core i7,4,Nvidia GeForce,Windows 10,2.2,79632,0,0,100
1270,Lenovo,2 in 1 Convertible,Intel Core i7,4,Intel HD,Windows 10,1.8,70562,1,1,157
1271,Lenovo,2 in 1 Convertible,Intel Core i7,16,Intel HD,Windows 10,1.3,165789,1,1,276
1272,Lenovo,Notebook,Other Intel Processor,2,Intel HD,Windows 10,1.5,25327,0,0,112
1273,HP,Notebook,Intel Core i7,6,AMD Radeon,Windows 10,2.19,84498,0,0,100
1274,Asus,Notebook,Other Intel Processor,4,Intel HD,Windows 10,2.2,40811,0,0,100
1275,Asus,Ultrabook,Other Intel Processor,8,Intel HD,Windows 10,1.2,80627,0,1,166
1276,Dell,Notebook,Intel Core i3,6,Intel HD,Windows 10,2.3,50765,0,0,100
1277,Acer,Notebook,Other Intel Processor,4,Intel HD,Other Os_system,2.4,31963,0,0,100
1278,Dell,Notebook,Other Intel Processor,2,Intel HD,Windows 10,2.20,41917,0,0,100
1279,Lenovo,Notebook,Intel Core i7,8,Nvidia GeForce,Windows 10,2.6,99429,0,1,141
1280,HP,Notebook,AMD-A-Series,6,AMD Radeon,Windows 10,2.04,60719,0,0,141
1281,Dell,Notebook,Intel Core i7,8,AMD Radeon,Other Os_system,2.3,89033,0,0,100
1282,HP,Netbook,Other Intel Processor,2,Intel HD,Windows 10,1.17,23115,0,0,135
1283,Asus,Notebook,Intel Core i7,4,Nvidia GeForce,Windows 10,2.2,79632,0,0,100
1284,Lenovo,2 in 1 Convertible,Intel Core i7,4,Intel HD,Windows 10,1.8,70562,1,1,157
1285,Lenovo,2 in 1 Convertible,Intel Core i7,16,Intel HD,Windows 10,1.3,165789,1,1,276
1286,Lenovo,Notebook,Other Intel Processor,2,Intel HD,Windows 10,1.5,25327,0,0,112
1287,HP,Notebook,Intel Core i7,6,AMD Radeon,Windows 10,2.19,84498,0,0,100
1288,Asus,Notebook,Other Intel Processor,4,Intel HD,Windows 10,2.2,40811,0,0,100
1289,Asus,Ultrabook,Other Intel Processor,8,Intel HD,Windows 10,1.2,80627,0,1,166
1290,Dell,Notebook,Intel Core i3,6,Intel HD,Windows 10,2.3,50765,0,0,100
1291,Acer,Notebook,Other Intel Processor,4,Intel HD,Other Os_system,2.4,31963,0,0,100
1292,Dell,Notebook,Other Intel Processor,2,Intel HD,Windows 10,2.20,41917,0,0,100
1293,Lenovo,Notebook,Intel Core i7,8,Nvidia GeForce,Windows 10,2.6,99429,0,1,141
1294,HP,Notebook,AMD-A-Series,6,AMD Radeon,Windows 10,2.04,60719,0,0,141
1295,Dell,Notebook,Intel Core i7,8,AMD Radeon,Other Os_system,2.3,89033,0,0,100
1296,HP,Netbook,Other Intel Processor,2,Intel HD,Windows 10,1.17,23115,0,0,135
1297,Asus,Notebook,Intel Core i7,4,Nvidia GeForce,Windows 10,2.2,79632,0,0,100
1298,Lenovo,2 in 1 Convertible,Intel Core i7,4,Intel HD,Windows 10,1.8,70562,1,1,157
1299,Lenovo,2 in 1 Convertible,Intel Core i7,16,Intel HD,Windows 10,1.3,165789,1,1,276
1300,Lenovo,Notebook,Other Intel Processor,2,Intel HD,Windows 10,1.5,25327,0,0,112
1301,HP,Notebook,Intel Core i7,6,AMD Radeon,Windows 10,2.19,84498,0,0,100
1302,Asus,Notebook,Other Intel Processor,4,Intel HD,Windows 10,2.2,40811,0,0,100
